Date,LandAverageTemperature,LandMaxTemperature,LandMinTemperature,LandAndOceanAverageTemperature
1850-01-01,0.7490000000000001,8.241999999999999,-3.2060000000000004,12.832999999999998
1850-02-01,3.071,9.97,-2.2910000000000004,13.588
1850-03-01,4.954,,-1.905,14.043
1850-04-01,7.217,12.934000000000001,1.018,14.667
1850-05-01,10.004,,3.8110000000000004,15.507
1850-06-01,13.15,18.945999999999998,7.106,16.352999999999998
1850-07-01,14.492,19.233,8.014,
1850-08-01,14.039,18.477,7.405999999999999,16.718
1850-09-01,,15.846000000000002,4.533,15.886
1850-10-01,8.091000000000001,13.189,2.013,14.831
1850-11-01,,11.388,,13.897
1850-12-01,2.803,7.4929999999999986,-2.8070000000000004,13.3
1851-01-01,2.431,8.950999999999997,,13.245
1851-02-01,2.508,9.808,,13.331
1851-03-01,4.192,11.507,-0.7000000000000001,
1851-04-01,7.286999999999999,,2.331,14.64
1851-05-01,11.113,15.010000000000002,,15.770999999999999
1851-06-01,13.418,17.287999999999997,6.3740000000000006,16.496000000000002
1851-07-01,14.531,17.102999999999998,7.425,
1851-08-01,13.751,17.360999999999994,6.594999999999999,
1851-09-01,11.677,16.360000000000007,5.525,16.058
1851-10-01,9.122,14.961,3.298,15.213
1851-11-01,,7.9510000000000005,-1.345,14.161
1851-12-01,3.14,6.436,-3.242,13.638
1852-01-01,2.3760000000000003,8.474,-2.7550000000000003,13.231
1852-02-01,2.54,,-2.337,13.311
1852-03-01,3.884,9.215,-2.491,13.735999999999999
1852-04-01,7.486999999999999,11.249,0.6469999999999998,14.786
1852-05-01,11.169,15.835,4.6240000000000006,15.899
1852-06-01,13.164,17.759999999999994,6.705,16.619
1852-07-01,14.512,17.795,7.57,16.984
1852-08-01,13.304,17.567,7.4289999999999985,16.566
1852-09-01,11.478,16.665000000000006,5.742000000000001,16.038
1852-10-01,8.91,14.849,2.813,15.178
1852-11-01,4.593,12.009,0.736,13.948
1852-12-01,3.785,10.780999999999999,-0.6390000000000001,13.782
1853-01-01,1.786,8.972000000000003,-2.818,13.142999999999999
1853-02-01,2.228,8.29,-3.213,
1853-03-01,4.078,10.325,-1.966,14.033
1853-04-01,7.540999999999999,13.72,1.6549999999999998,14.919
1853-05-01,10.975,16.543000000000006,4.364000000000001,15.793
1853-06-01,13.41,18.611,6.944000000000001,
1853-07-01,14.645,,6.933,16.999000000000002
1853-08-01,13.953,19.308,7.273,16.789
1853-09-01,11.71,17.691000000000006,5.779,15.942
1853-10-01,8.535,14.757,1.85,14.874
1853-11-01,4.783,11.269,-0.07599999999999996,13.829
1853-12-01,2.858,8.23,,13.324000000000002
1854-01-01,1.281,8.786,-3.5520000000000005,12.982999999999999
1854-02-01,1.9409999999999998,8.508,-4.109,13.248
1854-03-01,4.698,10.469,-1.413,
1854-04-01,7.622000000000001,13.402,0.5659999999999998,14.945
1854-05-01,11.095,16.748,4.184,15.793
1854-06-01,12.829,18.188,6.4929999999999986,16.285999999999998
1854-07-01,14.692,20.426,7.89,16.775000000000002
1854-08-01,13.889,19.291,,16.707
1854-09-01,,17.357000000000006,5.5539999999999985,16.098
1854-10-01,9.763,15.341,3.033,
1854-11-01,5.745,10.707,,14.123
1854-12-01,,8.506,-3.397,13.467
1855-01-01,2.522,8.219999999999999,-3.125,13.384
1855-02-01,,7.604,-4.947,13.646
1855-03-01,,10.16,-1.865,14.172
1855-04-01,8.58,13.709,1.1409999999999998,15.187
1855-05-01,11.186,16.77,4.2860000000000005,15.822
1855-06-01,12.984000000000002,17.642,6.476,16.445
1855-07-01,13.925999999999998,18.467,,16.675
1855-08-01,13.547,19.012,6.930999999999999,16.685000000000002
1855-09-01,,17.078000000000007,5.499,15.829
1855-10-01,8.443999999999999,14.26,2.3169999999999997,15.075
1855-11-01,,11.117,-0.5170000000000001,14.118
1855-12-01,2.214,7.879,-3.4530000000000003,
1856-01-01,2.76,,,13.368
1856-02-01,2.226,8.294,,13.311
1856-03-01,4.372,10.327,-2.241,13.957
1856-04-01,7.750999999999999,,1.242,14.945
1856-05-01,10.53,16.704,3.945,15.813
1856-06-01,13.495999999999999,18.326,6.879,16.492
1856-07-01,14.019,,7.035,16.675
1856-08-01,13.021,18.386,6.767,16.39
1856-09-01,10.948,17.21,4.864,15.640999999999998
1856-10-01,8.087,,1.979,14.783
1856-11-01,5.36,10.349,-1.433,13.856
1856-12-01,3.381,7.885,-3.33,13.321
1857-01-01,1.821,6.642,-5.407,12.972
1857-02-01,2.481,9.602,-1.92,
1857-03-01,4.312,10.2,-1.0710000000000002,13.916
1857-04-01,6.826999999999999,13.107,0.8799999999999999,
1857-05-01,,15.6,3.639,15.279000000000002
1857-06-01,12.610999999999999,17.372,5.849,
1857-07-01,13.953,,7.438,
1857-08-01,,18.194000000000006,6.9979999999999976,16.459
1857-09-01,11.056,17.223000000000006,5.146,15.84
1857-10-01,8.198,14.558,2.881,14.918
1857-11-01,5.2360000000000015,10.527,-0.605,13.829
1857-12-01,3.515,9.509,-1.546,13.367
1858-01-01,2.739,9.044,-2.692,13.220999999999998
1858-02-01,2.2840000000000003,7.829,-4.1480000000000015,13.29
1858-03-01,,10.44,-1.4700000000000002,14.044
1858-04-01,8.25,13.912,1.041,14.967
1858-05-01,10.850999999999999,16.258000000000006,3.8640000000000008,
1858-06-01,12.956,,7.0379999999999985,16.172
1858-07-01,13.677,18.561,7.888,
1858-08-01,13.22,18.261,7.2639999999999985,16.489
1858-09-01,11.148,,5.505,15.833
1858-10-01,8.809999999999997,15.071,3.688,15.114
1858-11-01,5.99,9.803,-0.6840000000000002,14.134
1858-12-01,2.444,,-1.965,13.263
1859-01-01,2.015,8.074,-2.7,13.058
1859-02-01,2.611,8.968,-1.858,13.33
1859-03-01,5.023,11.16,-0.4580000000000001,14.104
1859-04-01,8.542,14.225,1.4340000000000002,15.197
1859-05-01,11.456,17.021,5.277,15.868
1859-06-01,13.142,18.285,7.057,
1859-07-01,13.827,19.444000000000006,7.85,16.494
1859-08-01,13.217,19.201,7.964999999999999,16.45
1859-09-01,11.079999999999998,16.483,5.422999999999999,15.589
1859-10-01,8.834,,2.968,15.062000000000001
1859-11-01,,10.972999999999999,-0.014000000000000123,14.094
1859-12-01,3.365,8.254999999999999,-3.4219999999999997,13.513
1860-01-01,2.077,9.771999999999998,-2.059,13.17
1860-02-01,2.632,8.747,-3.232,13.424000000000001
1860-03-01,3.494,11.821,-0.7140000000000001,13.714
1860-04-01,7.76,13.511,,14.860999999999999
1860-05-01,11.062,16.822000000000006,4.792000000000002,15.758
1860-06-01,13.271999999999998,19.163,7.212999999999999,16.338
1860-07-01,14.203,18.566,7.45,16.737000000000002
1860-08-01,13.765,18.984,7.068999999999999,16.634
1860-09-01,11.892,16.892000000000003,5.5360000000000005,16.133
1860-10-01,8.712,13.677,2.906,15.076
1860-11-01,5.027,11.012,-0.111,13.922
1860-12-01,1.634,8.556000000000001,-2.5250000000000004,12.828
1861-01-01,0.4040000000000004,7.7429999999999986,-3.2560000000000002,12.475
1861-02-01,2.137,8.600999999999999,-3.055,12.917000000000002
1861-03-01,4.489,9.786,-2.0069999999999997,13.824000000000002
1861-04-01,7.486999999999999,,1.3719999999999999,15.017999999999999
1861-05-01,10.515999999999998,15.401000000000002,3.858000000000001,15.489
1861-06-01,13.017,19.299,7.391,16.358
1861-07-01,13.967,19.37,7.803,16.547
1861-08-01,13.656,18.907,,16.715999999999998
1861-09-01,11.409,17.769000000000005,5.9879999999999995,15.927
1861-10-01,8.475,15.644,3.277,14.905
1861-11-01,5.707000000000002,12.044,,14.095
1861-12-01,,8.945,-2.191,13.337
1862-01-01,0.685,7.360999999999999,-4.11,12.658
1862-02-01,1.7690000000000001,7.407,,13.192
1862-03-01,4.485,,-1.314,14.044
1862-04-01,7.322999999999999,13.955,1.932,14.825
1862-05-01,10.739,17.854000000000006,5.6750000000000025,15.708
1862-06-01,12.86,18.539,6.795,16.349
1862-07-01,13.928,,9.21,16.593
1862-08-01,13.188,19.605,8.085999999999999,16.305999999999994
1862-09-01,11.027999999999999,,6.122999999999998,15.788
1862-10-01,8.283,15.138,3.245,14.902000000000001
1862-11-01,4.792,11.889,0.24399999999999994,13.784
1862-12-01,1.6230000000000002,9.402,-1.747,12.732
1863-01-01,3.0340000000000003,8.462,-1.766,13.296
1863-02-01,3.253,8.908999999999997,-2.1100000000000003,13.634
1863-03-01,4.682,10.352,-0.853,14.005999999999998
1863-04-01,7.930999999999999,14.257,1.642,15.01
1863-05-01,11.081,16.999000000000002,,15.823
1863-06-01,,18.202,7.9250000000000025,
1863-07-01,13.765,,8.307,16.575
1863-08-01,13.294,18.408,7.8329999999999975,16.437
1863-09-01,11.23,15.910000000000002,5.439,15.898
1863-10-01,8.235,13.944,3.282,14.978
1863-11-01,5.392,11.350999999999999,0.17499999999999993,13.992
1863-12-01,2.651,8.55,-2.5860000000000003,13.356
1864-01-01,1.551,7.0710000000000015,-3.848,12.879
1864-02-01,2.506,8.542,-2.8560000000000003,13.275
1864-03-01,4.651,,-0.7250000000000001,13.99
1864-04-01,7.515,13.395,1.665,14.83
1864-05-01,10.956,16.908,4.849,15.850999999999999
1864-06-01,13.365,18.457,7.9090000000000025,16.490000000000002
1864-07-01,14.162,18.831,7.4129999999999985,16.715
1864-08-01,13.434,18.909,7.5459999999999985,16.494
1864-09-01,11.37,17.063000000000002,5.721,15.85
1864-10-01,8.795,,3.2460000000000004,14.972000000000001
1864-11-01,5.232,12.502,0.6649999999999999,14.140999999999998
1864-12-01,2.266,8.555,-2.6630000000000003,13.271
1865-01-01,2.975,8.841000000000003,-3.212,13.503
1865-02-01,2.152,8.911,-3.117,13.505999999999998
1865-03-01,4.039,11.582,-0.5920000000000001,13.914
1865-04-01,7.313999999999999,14.276,1.793,14.860999999999999
1865-05-01,10.917,16.968,4.8740000000000006,15.755999999999998
1865-06-01,13.214,19.022,7.508999999999999,16.414
1865-07-01,,19.108,,16.749000000000002
1865-08-01,13.58,19.111,7.594999999999999,16.657
1865-09-01,,17.840999999999994,5.789,16.082
1865-10-01,9.136,15.281,3.345,15.157
1865-11-01,6.144,12.418,0.992,14.101
1865-12-01,2.6460000000000004,8.218,-2.5170000000000003,13.26
1866-01-01,2.932,8.187999999999999,-2.923,13.467
1866-02-01,2.274,,-2.053,13.586
1866-03-01,4.421,10.824000000000002,-0.8809999999999999,13.95
1866-04-01,7.914,14.889,2.084,14.713
1866-05-01,10.898,16.817,4.582000000000002,15.63
1866-06-01,12.853,18.753,7.077000000000001,16.596
1866-07-01,14.602,20.369,8.183,17.06
1866-08-01,13.532,18.947,7.087999999999999,16.695
1866-09-01,11.527,17.508000000000006,5.807,15.918
1866-10-01,8.506,,2.9939999999999998,
1866-11-01,5.8950000000000005,10.76,0.18200000000000005,14.275
1866-12-01,4.152,8.676,-2.9530000000000003,13.732000000000001
1867-01-01,2.482,8.136999999999999,-3.3080000000000003,13.370999999999999
1867-02-01,2.6639999999999997,9.183,-2.172,13.458
1867-03-01,4.4540000000000015,10.572,-1.195,14.073
1867-04-01,8.258,13.852,,15.1
1867-05-01,10.495,16.21,4.665000000000001,15.56
1867-06-01,,19.753,8.032,16.366
1867-07-01,14.223,,8.387,16.672
1867-08-01,13.505999999999998,19.625999999999998,,
1867-09-01,11.763,17.566000000000006,5.9110000000000005,16.147000000000002
1867-10-01,9.212,15.374,3.705,15.318
1867-11-01,,11.142999999999999,-0.7959999999999999,14.632
1867-12-01,3.937,8.312999999999999,-3.678,13.553
1868-01-01,1.834,7.6110000000000015,-3.478,13.012
1868-02-01,2.039,8.817,-3.455,
1868-03-01,4.538,11.411,-0.63,14.135
1868-04-01,8.183,13.316,1.138,15.082
1868-05-01,11.308,17.059,4.8610000000000015,15.992
1868-06-01,13.162,19.005,7.2029999999999985,16.529
1868-07-01,14.514,20.504,8.702,17.025000000000002
1868-08-01,13.744000000000002,19.817999999999998,8.120999999999999,16.793
1868-09-01,11.669,17.988000000000003,5.726,16.107
1868-10-01,9.448,14.925,,
1868-11-01,5.192,10.181,-0.3500000000000001,14.174
1868-12-01,3.344,8.54,-2.488,
1869-01-01,2.115,8.206,-3.173,13.289
1869-02-01,3.864,9.618,-2.406,13.951
1869-03-01,4.3740000000000006,11.012,-1.3119999999999998,
1869-04-01,7.9209999999999985,13.787,1.297,15.015999999999998
1869-05-01,11.295,17.279,4.3820000000000014,15.895999999999999
1869-06-01,13.537,18.871,7.1960000000000015,16.396
1869-07-01,14.337,19.825,7.732,16.667
1869-08-01,14.01,19.663,7.947999999999999,16.711000000000002
1869-09-01,12.247,17.561,5.377000000000002,16.18
1869-10-01,9.006,14.062999999999999,,15.171
1869-11-01,5.773,10.418,-0.5090000000000001,14.255
1869-12-01,2.7060000000000004,8.531,-2.519,13.307
1870-01-01,2.082,8.527000000000001,-3.3070000000000004,
1870-02-01,2.1340000000000003,8.544,-3.527,13.359000000000002
1870-03-01,4.6560000000000015,9.692,-1.419,14.139
1870-04-01,7.879,,1.5699999999999998,15.052
1870-05-01,11.339,18.068,,15.826
1870-06-01,13.652999999999999,19.531,7.792999999999998,16.511000000000006
1870-07-01,14.599,,8.850999999999997,16.86
1870-08-01,13.484000000000002,19.317999999999998,7.9739999999999975,16.617
1870-09-01,11.952,17.017000000000003,5.456,16.073
1870-10-01,8.809999999999997,14.187999999999999,2.8480000000000003,15.056
1870-11-01,5.6,12.574000000000002,0.629,14.079
1870-12-01,2.228,,-3.1,13.175999999999998
1871-01-01,1.4469999999999998,,,13.089
1871-02-01,1.736,8.782,-3.0610000000000004,13.299000000000001
1871-03-01,4.6850000000000005,11.047,-1.75,14.222999999999999
1871-04-01,8.34,13.97,1.89,15.232999999999999
1871-05-01,10.787999999999998,16.627000000000002,4.525,15.77
1871-06-01,13.08,19.127,7.4700000000000015,16.458000000000002
1871-07-01,14.29,19.837,,16.858
1871-08-01,13.932,19.812,7.898,16.653000000000002
1871-09-01,11.710999999999999,17.394000000000002,,16.02
1871-10-01,9.096,14.697,2.891,15.061
1871-11-01,5.113,10.639,-0.31699999999999995,
1871-12-01,3.1630000000000003,7.912000000000001,-3.677,13.435
1872-01-01,1.652,,-3.228,13.040999999999999
1872-02-01,2.35,8.953,-3.26,13.376
1872-03-01,4.922,11.159,-2.156,14.107
1872-04-01,7.845999999999999,,1.464,14.969
1872-05-01,11.198,17.369,5.046,15.927
1872-06-01,13.055,19.299,7.564,16.361
1872-07-01,14.285,19.705,7.883999999999999,16.843
1872-08-01,13.821,19.415,7.450999999999999,16.822
1872-09-01,11.957999999999998,17.718,,16.173000000000002
1872-10-01,9.24,15.715,3.025,15.181
1872-11-01,5.372000000000001,11.293,-0.060999999999999936,14.101
1872-12-01,2.627,8.526,-3.418,13.331
1873-01-01,2.013,,,13.353
1873-02-01,3.195,8.591000000000001,-3.719,13.707
1873-03-01,4.704,11.105,-1.761,14.151
1873-04-01,7.4620000000000015,13.983,1.069,14.879
1873-05-01,11.005999999999998,16.765,4.202,
1873-06-01,13.405,19.006,6.783,16.429000000000002
1873-07-01,14.287,19.974,8.024,16.805
1873-08-01,13.755,19.241,7.446999999999999,16.726
1873-09-01,11.486999999999998,16.979000000000006,5.297999999999999,15.965
1873-10-01,9.234,14.431,2.386,15.13
1873-11-01,5.819,10.914,-0.8119999999999998,14.094
1873-12-01,3.846,8.847999999999997,-2.628,13.531
1874-01-01,2.685,7.382999999999999,-3.764,13.392
1874-02-01,3.069,7.9620000000000015,-3.2300000000000004,13.458
1874-03-01,4.221,8.948,-1.942,13.807
1874-04-01,8.231,13.237,1.005,14.91
1874-05-01,11.306,16.969,4.667000000000002,15.75
1874-06-01,13.306,19.062,6.857,16.211000000000002
1874-07-01,14.122,19.82,7.487999999999999,16.745
1874-08-01,13.815,19.618,7.228999999999999,16.645
1874-09-01,12.110999999999999,17.704,5.6320000000000014,16.122
1874-10-01,9.12,15.841,,15.005
1874-11-01,5.809,10.562999999999999,-0.5490000000000002,14.013
1874-12-01,3.407,9.495,-1.6780000000000002,13.425999999999998
1875-01-01,,6.678999999999999,-4.7170000000000005,13.027
1875-02-01,2.259,7.5219999999999985,-4.365,13.35
1875-03-01,4.256,10.673,-2.207,13.974
1875-04-01,7.635999999999999,13.759,1.1740000000000002,14.923
1875-05-01,10.745999999999999,17.509,4.163,15.792
1875-06-01,13.157,19.602999999999998,6.497000000000001,16.358
1875-07-01,14.144,20.534,7.8729999999999976,16.683
1875-08-01,13.401,20.053,7.326999999999999,16.637999999999998
1875-09-01,11.319,17.713,5.172999999999999,16.059
1875-10-01,8.584999999999999,14.754,2.205,15.125
1875-11-01,4.614,10.56,-1.3509999999999998,13.905
1875-12-01,2.665,8.741999999999999,,13.229000000000001
1876-01-01,1.8559999999999999,7.327000000000001,-3.325,13.1
1876-02-01,2.617,8.895,-3.095,13.496
1876-03-01,4.748,10.247,,14.047
1876-04-01,8.199,14.188,1.814,14.95
1876-05-01,10.69,16.783,4.7280000000000015,15.57
1876-06-01,,18.887999999999998,6.7700000000000005,16.290000000000006
1876-07-01,14.319,,7.891,16.848
1876-08-01,13.481,19.665,7.549999999999999,16.579
1876-09-01,11.687,17.667,5.687,
1876-10-01,8.946,14.4,2.766,15.047
1876-11-01,5.093,10.498,-0.6530000000000002,13.903
1876-12-01,2.194,,-2.806,13.193
1877-01-01,2.286,8.078999999999999,-3.1620000000000004,13.306
1877-02-01,,9.755,-2.357,13.732000000000001
1877-03-01,5.2970000000000015,10.782,,14.459
1877-04-01,,13.827,2.032,15.126
1877-05-01,11.056,16.802,5.022,15.854
1877-06-01,13.384,19.257,,16.594
1877-07-01,,20.733,8.18,17.004
1877-08-01,14.151,20.643,7.786,
1877-09-01,12.075,17.930999999999994,5.9670000000000005,
1877-10-01,9.273,14.324000000000002,2.7039999999999997,15.536
1877-11-01,,11.54,0.7889999999999999,14.564
1877-12-01,2.9960000000000004,9.491,-0.5750000000000002,13.704
1878-01-01,2.0170000000000003,8.277999999999999,-3.083,13.537999999999998
1878-02-01,3.728,9.483,-1.7140000000000002,14.177
1878-03-01,6.6080000000000005,12.343,0.3609999999999999,14.882
1878-04-01,,,2.963,15.573
1878-05-01,11.017,16.945999999999998,5.090000000000002,16.016
1878-06-01,,19.355999999999998,7.461,16.711000000000002
1878-07-01,14.742,20.299,8.582,16.999000000000002
1878-08-01,14.094,20.308,8.074,16.905
1878-09-01,12.093,17.827,6.1,16.267
1878-10-01,9.173,15.255,3.506,
1878-11-01,6.4460000000000015,12.502,0.6859999999999999,14.388
1878-12-01,,9.268,-2.246,13.526
1879-01-01,2.303,8.558,,
1879-02-01,2.737,,-3.0810000000000004,13.63
1879-03-01,4.924,10.686,-1.3890000000000002,14.34
1879-04-01,7.767999999999999,14.201,1.986,14.987
1879-05-01,10.802999999999999,16.752000000000002,4.5360000000000005,
1879-06-01,13.23,19.022,7.0180000000000025,16.500999999999998
1879-07-01,14.238,19.637,7.64,16.746000000000002
1879-08-01,13.245,19.125,7.289999999999999,16.635
1879-09-01,11.449000000000002,17.652,5.542000000000002,16.007
1879-10-01,9.229,14.744000000000002,2.747,15.25
1879-11-01,5.526,11.549,-0.5,14.203
1879-12-01,2.5380000000000003,8.173,,13.318
1880-01-01,1.755,,,13.129
1880-02-01,2.052,7.957000000000002,-3.767,
1880-03-01,4.63,10.655,-1.814,14.273
1880-04-01,7.5589999999999975,14.082,1.2979999999999998,15.008
1880-05-01,11.095999999999998,16.917,,15.85
1880-06-01,13.327,19.29,,16.400000000000002
1880-07-01,14.140999999999998,20.037,7.852,
1880-08-01,13.807,19.502,7.555,16.695
1880-09-01,11.386,17.558000000000003,5.84,15.918
1880-10-01,8.673,14.567,2.8960000000000004,15.024000000000001
1880-11-01,5.893,10.826,-0.6540000000000001,14.233
1880-12-01,3.1060000000000003,7.6869999999999985,-2.657,13.48
1881-01-01,2.4610000000000003,7.3439999999999985,-3.687,13.395999999999999
1881-02-01,2.6260000000000003,8.594,-2.813,13.625
1881-03-01,5.01,10.925999999999998,-1.131,14.355
1881-04-01,8.322999999999999,14.297,2.291,15.267
1881-05-01,11.165,17.283,5.263000000000001,15.999
1881-06-01,12.745,18.945999999999998,6.801,16.329
1881-07-01,14.203,20.295,8.334,16.783
1881-08-01,13.71,19.879,8.046999999999999,16.665
1881-09-01,11.689,17.430000000000003,5.876,15.982000000000001
1881-10-01,8.850999999999997,14.232,2.9360000000000004,15.115
1881-11-01,5.272,10.780999999999999,-0.203,14.019
1881-12-01,3.196,8.597999999999999,-2.5970000000000004,13.511
1882-01-01,2.99,8.392000000000001,-3.022,13.632
1882-02-01,3.2310000000000003,8.754,-3.067,13.843
1882-03-01,5.04,10.794,-1.411,
1882-04-01,7.690999999999999,13.713,1.7519999999999998,15.030999999999999
1882-05-01,10.888,16.830000000000002,4.8870000000000005,15.816
1882-06-01,12.805,18.941,7.032,
1882-07-01,13.747,,7.965,16.634
1882-08-01,13.703,19.832,7.8359999999999985,16.678
1882-09-01,11.735999999999999,17.769000000000005,5.891,16.108
1882-10-01,8.445,14.595999999999998,2.784,
1882-11-01,5.066,11.404000000000002,-0.581,14.033
1882-12-01,2.205,8.573,-2.795,13.187000000000001
1883-01-01,1.4600000000000002,7.063999999999999,-4.519,13.106
1883-02-01,1.8559999999999999,7.54,-4.303000000000001,13.358
1883-03-01,4.9289999999999985,10.123,-2.0940000000000003,14.235999999999999
1883-04-01,7.690999999999999,13.967,1.4680000000000002,14.915999999999999
1883-05-01,10.832,16.898,,15.825
1883-06-01,13.302,20.049,7.303,16.512
1883-07-01,14.011,20.457,7.7189999999999985,16.664
1883-08-01,13.224,19.590999999999998,7.463999999999999,16.538
1883-09-01,,17.663,5.2989999999999995,15.956
1883-10-01,8.908999999999997,14.621,2.6710000000000003,15.054
1883-11-01,4.905,10.987,-0.436,13.943
1883-12-01,3.261,,-2.803,13.451
1884-01-01,2.12,7.5669999999999975,-4.118,13.279000000000002
1884-02-01,2.474,8.292,-3.841,13.6
1884-03-01,,,-2.444,13.914
1884-04-01,7.185999999999999,13.58,0.6990000000000001,14.744000000000002
1884-05-01,10.198,16.465999999999998,3.9890000000000008,15.558
1884-06-01,12.527,18.787,6.362,16.185000000000002
1884-07-01,13.622,19.569000000000006,7.468,16.434
1884-08-01,13.257,19.317999999999998,7.250999999999999,16.408
1884-09-01,11.235,17.365000000000002,5.365,15.826
1884-10-01,8.581,14.304,2.5869999999999997,14.954
1884-11-01,5.164,10.464,-0.991,13.827
1884-12-01,3.028,8.041,,13.27
1885-01-01,1.003,6.420999999999999,-4.621,12.889
1885-02-01,2.2430000000000003,8.247,-3.438,13.327
1885-03-01,4.622,10.56,-2.023,14.020999999999999
1885-04-01,,13.483,,14.747
1885-05-01,10.567,16.704,4.202,15.565
1885-06-01,12.716,18.762,6.492000000000001,16.105
1885-07-01,13.972,20.205,7.627999999999999,16.601
1885-08-01,13.350999999999999,19.889,7.0870000000000015,
1885-09-01,11.435,,5.28,15.907
1885-10-01,8.722000000000001,14.707,2.5469999999999997,15.054
1885-11-01,5.425,11.488,-0.476,14.057
1885-12-01,3.644,9.156,-1.5390000000000001,13.542
1886-01-01,,7.023,-3.755,
1886-02-01,1.7930000000000001,8.015,-3.884,13.175999999999998
1886-03-01,4.2620000000000005,10.568,-2.188,13.888
1886-04-01,7.909,14.085,,14.841
1886-05-01,10.784,17.195999999999998,4.4220000000000015,15.837
1886-06-01,12.789,19.145,6.5600000000000005,
1886-07-01,14.226,20.004,8.055,16.622
1886-08-01,13.323,19.344,,16.458000000000002
1886-09-01,11.6,17.419,5.62,15.831
1886-10-01,8.604,14.735,2.58,14.979000000000001
1886-11-01,5.226,11.208,-0.71,13.877
1886-12-01,,,-1.862,13.316
1887-01-01,0.8240000000000001,6.863999999999999,-4.678000000000001,12.62
1887-02-01,2.0540000000000003,8.142999999999999,-4.0470000000000015,13.095999999999998
1887-03-01,4.552,10.828,-1.901,
1887-04-01,7.789,13.936,1.524,14.940999999999999
1887-05-01,,17.337,4.569000000000001,15.651
1887-06-01,12.89,18.430999999999997,6.5139999999999985,16.214000000000002
1887-07-01,14.021,19.899,8.199,16.63
1887-08-01,,19.177,7.390999999999999,16.372
1887-09-01,11.707,17.392000000000003,5.7010000000000005,15.916
1887-10-01,8.738,14.716,2.531,14.983
1887-11-01,5.5920000000000005,11.66,-0.2640000000000001,14.037
1887-12-01,,,-2.656,13.386
1888-01-01,1.7080000000000002,6.685999999999999,-4.299,13.132
1888-02-01,2.039,7.898,-3.555,
1888-03-01,4.3,10.491,-2.039,13.972
1888-04-01,7.845,13.884,1.66,14.937999999999999
1888-05-01,10.62,16.329,4.187,
1888-06-01,12.921,18.897,,16.360000000000007
1888-07-01,14.242,20.063,7.77,16.686
1888-08-01,13.511,19.36,7.2879999999999985,16.611
1888-09-01,11.685,,5.4689999999999985,15.995
1888-10-01,9.201,14.783,2.951,15.318
1888-11-01,5.792000000000002,11.384,0.05200000000000005,14.259
1888-12-01,3.222,,-2.511,13.608
1889-01-01,1.7619999999999998,7.377000000000002,,13.417
1889-02-01,3.409,8.814,-2.899,
1889-03-01,5.299,11.628,-0.8079999999999999,14.446
1889-04-01,8.588999999999999,14.392,2.502,15.305
1889-05-01,11.242,17.19,,15.915
1889-06-01,13.288,19.314,7.1960000000000015,16.498
1889-07-01,14.225,20.315,8.311,16.796
1889-08-01,13.504,19.732,7.6149999999999975,16.604
1889-09-01,11.547,17.455000000000002,5.635,15.913
1889-10-01,8.865,14.902,2.608,15.116
1889-11-01,4.9990000000000006,11.145999999999999,-0.5670000000000001,13.996
1889-12-01,3.0989999999999998,9.264,-2.395,13.401
1890-01-01,1.836,7.6469999999999985,-4.24,13.068
1890-02-01,2.516,8.668,-3.764,13.394
1890-03-01,4.21,10.474,-2.1710000000000003,13.890999999999998
1890-04-01,7.738999999999999,13.672,1.641,14.875
1890-05-01,10.464,16.865000000000002,3.9430000000000014,15.624
1890-06-01,12.872,18.703,6.7070000000000025,16.25
1890-07-01,14.034,19.718,7.857,16.528
1890-08-01,13.265999999999998,19.325,7.146999999999999,16.427
1890-09-01,11.546,17.266000000000002,5.494,15.842
1890-10-01,9.177999999999999,14.747,3.367,15.02
1890-11-01,5.03,11.451,-1.043,13.803
1890-12-01,2.969,8.611,-2.729,13.367
1891-01-01,1.6780000000000002,7.588999999999999,-4.011,13.037
1891-02-01,1.88,8.122,-4.465,
1891-03-01,4.755,10.629,-1.449,14.190999999999999
1891-04-01,7.6179999999999986,13.979,1.182,14.918
1891-05-01,10.785,16.645,4.317,15.844
1891-06-01,12.888,18.588,,
1891-07-01,13.93,19.849,7.818,16.62
1891-08-01,13.496,19.472,7.289999999999999,16.549
1891-09-01,11.763,17.649,5.704,16.07
1891-10-01,8.722000000000001,15.042,2.764,15.023
1891-11-01,5.115,,,13.92
1891-12-01,3.602,9.802999999999999,-2.138,13.559000000000001
1892-01-01,2.018,7.683,-3.93,
1892-02-01,,9.078,,13.667000000000002
1892-03-01,4.362,10.752,-1.931,13.979
1892-04-01,7.5619999999999985,13.802,,14.803999999999998
1892-05-01,10.622,16.578000000000007,4.426,15.655
1892-06-01,13.263,19.003,6.86,16.303
1892-07-01,13.89,19.82,7.917000000000002,16.476
1892-08-01,13.42,19.264,7.447999999999999,16.39
1892-09-01,11.764,17.858,5.5520000000000005,15.998
1892-10-01,9.29,15.08,3.347,15.126
1892-11-01,4.859,10.432,-1.014,13.732
1892-12-01,2.935,8.297,,13.196
1893-01-01,0.5,5.9,-5.3450000000000015,
1893-02-01,,7.616,-4.558,13.23
1893-03-01,4.979,11.065999999999999,-1.2520000000000002,14.110999999999999
1893-04-01,7.994,13.697,1.5819999999999999,14.870999999999999
1893-05-01,10.747,,4.489000000000001,15.662
1893-06-01,13.050999999999998,,6.7810000000000015,16.382
1893-07-01,14.318,20.005,8.102,16.788
1893-08-01,13.454,19.448,7.321999999999999,16.650000000000002
1893-09-01,11.767,17.799000000000003,5.599,15.932
1893-10-01,9.16,,3.099,15.152000000000001
1893-11-01,5.902,11.701,,14.079
1893-12-01,3.155,9.03,-2.79,13.388
1894-01-01,1.6909999999999998,7.4099999999999975,-4.0390000000000015,13.039
1894-02-01,2.923,8.898,-3.028,13.455
1894-03-01,5.118,11.085999999999999,-1.093,14.08
1894-04-01,,13.793,1.472,14.794
1894-05-01,10.944,16.929000000000002,4.6110000000000015,15.656
1894-06-01,12.857999999999999,18.782,6.6030000000000015,16.226000000000006
1894-07-01,14.004,19.851,7.7879999999999985,
1894-08-01,13.488,19.326,7.363999999999999,16.565
1894-09-01,11.579999999999998,17.425,5.502999999999999,15.927
1894-10-01,,,2.997,15.165
1894-11-01,5.405,11.187,-0.4909999999999999,14.036
1894-12-01,3.133,8.757,-2.202,13.347
1895-01-01,1.2950000000000002,6.960999999999999,-4.319,13.084
1895-02-01,2.0,8.18,-4.026,13.303
1895-03-01,4.689,10.838,-1.594,13.989
1895-04-01,8.247,14.509,1.915,15.005
1895-05-01,10.867,16.892000000000003,4.6389999999999985,15.703
1895-06-01,13.058,19.059,6.905,16.352
1895-07-01,14.053,19.614,7.875,16.715999999999998
1895-08-01,13.489,19.471,7.167000000000002,16.612000000000002
1895-09-01,,17.597,5.687,15.981
1895-10-01,9.117,15.159,2.878,15.151
1895-11-01,5.744,,-0.01100000000000001,14.219
1895-12-01,3.4619999999999997,,-2.206,13.513
1896-01-01,2.291,7.923999999999999,-3.4080000000000004,
1896-02-01,2.707,8.447000000000001,-3.367,13.576
1896-03-01,4.279,10.469,-1.868,14.047
1896-04-01,7.329999999999999,13.586,1.225,14.895
1896-05-01,10.892999999999999,17.01,4.626,15.817
1896-06-01,13.303999999999998,19.34,6.863,16.515
1896-07-01,14.233,19.886,8.087,16.866
1896-08-01,13.624,19.572,7.274999999999999,16.762
1896-09-01,11.824000000000002,17.727,5.561,16.143
1896-10-01,9.416,15.35,3.2119999999999997,15.27
1896-11-01,,11.173,-0.4690000000000001,14.187
1896-12-01,3.312,8.811,,13.643
1897-01-01,1.893,7.411999999999999,-3.5730000000000004,13.312
1897-02-01,2.4290000000000003,8.148,-3.519,13.555
1897-03-01,4.345,10.442,-2.123,14.152
1897-04-01,,,1.74,15.217
1897-05-01,11.377,17.250999999999998,5.0680000000000005,16.02
1897-06-01,13.319,,7.226,16.505000000000006
1897-07-01,,20.297,8.312000000000001,16.783
1897-08-01,13.668,19.753,7.592,16.676000000000002
1897-09-01,11.925,17.918000000000006,5.901,16.067999999999998
1897-10-01,,15.166,3.279,15.168
1897-11-01,5.6080000000000005,11.616,-0.19700000000000006,14.047
1897-12-01,3.1710000000000003,8.5,-2.177,13.401
1898-01-01,,8.35,-2.885,13.395999999999999
1898-02-01,2.354,,-3.651,13.364
1898-03-01,3.7510000000000003,,-2.657,13.749
1898-04-01,7.906999999999999,,1.49,14.868
1898-05-01,10.835,17.055999999999994,4.498,15.621
1898-06-01,13.395,19.452,7.067,16.393
1898-07-01,,20.145,8.039,16.627
1898-08-01,,19.628,7.656999999999999,16.512
1898-09-01,11.752999999999998,17.702,5.902,15.914
1898-10-01,8.828,14.69,,14.915
1898-11-01,5.452000000000001,11.444,-0.359,
1898-12-01,3.407,9.443,-2.096,13.351
1899-01-01,2.515,8.443,-3.2620000000000005,13.306
1899-02-01,2.38,8.17,,13.399000000000001
1899-03-01,4.618,10.635,-1.5670000000000002,14.003
1899-04-01,8.280999999999999,14.438,2.074,15.026
1899-05-01,11.023,17.132,4.9670000000000005,15.836
1899-06-01,12.856,18.799,6.872000000000001,16.243000000000002
1899-07-01,14.159,20.168,7.9529999999999985,16.689
1899-08-01,13.777,19.598,7.645999999999999,
1899-09-01,12.127999999999998,18.223000000000006,5.974,16.178
1899-10-01,9.408999999999999,15.317,3.551,15.287
1899-11-01,6.605,12.417,1.063,14.455
1899-12-01,3.005,8.639,,13.412
1900-01-01,1.461,,-4.102,13.142
1900-02-01,3.0980000000000003,9.181,-2.814,13.777000000000001
1900-03-01,5.492000000000001,,-0.68,14.4
1900-04-01,8.222999999999999,13.972,2.131,15.17
1900-05-01,11.385,17.415000000000006,5.1789999999999985,15.955
1900-06-01,13.293,19.434,7.112,16.515
1900-07-01,14.171,19.897000000000002,8.095,16.785
1900-08-01,13.816,19.85,7.891999999999999,16.699
1900-09-01,11.955,17.817999999999994,,16.124000000000002
1900-10-01,9.666,,3.833,15.373
1900-11-01,5.8039999999999985,11.527,0.121,14.189
1900-12-01,3.655,9.466,-1.826,13.598
1901-01-01,2.1910000000000003,7.995999999999999,-3.491,13.29
1901-02-01,3.092,9.038,-2.678,13.66
1901-03-01,5.671,11.475999999999999,-0.644,14.383
1901-04-01,8.522,14.733,2.264,15.22
1901-05-01,,17.315,4.855,15.936
1901-06-01,13.423,19.315,7.1510000000000025,16.441000000000006
1901-07-01,14.339,20.34,8.161,16.718
1901-08-01,13.789,19.898,7.6599999999999975,16.663
1901-09-01,11.984000000000002,17.929000000000006,5.819,16.000999999999998
1901-10-01,9.003,15.002,2.998,15.087
1901-11-01,5.976,12.043,0.07099999999999995,14.101
1901-12-01,,9.061,-2.28,13.38
1902-01-01,,8.796999999999997,-3.031,13.302
1902-02-01,3.606,9.814,-2.504,13.691
1902-03-01,4.883,11.165999999999999,-1.339,14.1
1902-04-01,7.955999999999999,13.884,1.5619999999999998,14.958
1902-05-01,10.892999999999999,16.986,4.5870000000000015,15.719
1902-06-01,13.214,19.338,6.894,16.284000000000002
1902-07-01,14.231,20.2,7.965,16.69
1902-08-01,13.599,19.884,,16.590999999999998
1902-09-01,11.799,17.897000000000006,5.555,16.032
1902-10-01,8.801,14.811,2.759,14.991
1902-11-01,5.274,11.159,-0.46,13.902000000000001
1902-12-01,2.713,8.435,-2.992,13.24
1903-01-01,2.5140000000000002,8.415,-3.1870000000000003,13.275
1903-02-01,3.555,9.297,-2.49,13.668
1903-03-01,4.93,10.963,-1.158,14.05
1903-04-01,7.831999999999999,13.958,1.6980000000000002,14.800999999999998
1903-05-01,10.794,16.672,,15.645
1903-06-01,12.886,18.897,6.723000000000001,16.160999999999998
1903-07-01,13.992,19.787,7.87,16.496000000000002
1903-08-01,13.412,19.298,7.557999999999999,16.304000000000002
1903-09-01,11.501,17.355999999999998,5.642,15.771
1903-10-01,8.812000000000003,14.634,2.895,14.835
1903-11-01,5.516,11.219,-0.050999999999999934,13.828
1903-12-01,2.898,,-2.6870000000000003,13.205
1904-01-01,1.6369999999999998,7.081999999999999,-3.86,12.957
1904-02-01,2.297,,-3.583,13.154000000000002
1904-03-01,4.506,10.559,-1.575,
1904-04-01,7.6839999999999975,13.823,1.4280000000000002,14.755
1904-05-01,10.84,,4.641,15.573
1904-06-01,13.014,19.092,6.7780000000000005,16.207
1904-07-01,13.836,19.678,7.777,16.525000000000002
1904-08-01,13.459,19.525,7.4620000000000015,16.403000000000002
1904-09-01,11.380999999999998,17.465000000000003,5.3610000000000015,15.768
1904-10-01,8.833,14.902,3.133,14.947000000000001
1904-11-01,6.23,11.997,0.5579999999999999,14.144
1904-12-01,3.3739999999999997,9.212,-2.067,13.433
1905-01-01,2.254,8.017000000000001,-3.3240000000000003,
1905-02-01,1.9269999999999998,7.7349999999999985,-3.951,13.206
1905-03-01,4.635,10.466,-1.308,14.035
1905-04-01,,13.622,1.493,14.857
1905-05-01,10.982,16.945999999999998,4.819000000000001,15.788
1905-06-01,13.112,19.11,6.944000000000001,16.379
1905-07-01,,19.877,8.038,16.651
1905-08-01,13.578,19.619,7.719999999999999,
1905-09-01,,17.684,,
1905-10-01,,14.866,3.117,15.091
1905-11-01,,11.984000000000002,0.574,14.232
1905-12-01,3.354,9.06,-1.931,13.45
1906-01-01,2.068,8.086,-3.6370000000000013,
1906-02-01,,8.125,-3.343,13.502
1906-03-01,4.8660000000000005,11.008,-1.229,14.245
1906-04-01,8.626,14.786,2.422,15.23
1906-05-01,,,4.9220000000000015,15.769
1906-06-01,13.334,19.287,7.275,16.436
1906-07-01,14.122,20.058,8.186,16.662
1906-08-01,13.691,19.539,7.842999999999999,16.593
1906-09-01,11.771999999999998,17.522000000000002,5.884,15.95
1906-10-01,9.267,,3.479,15.152000000000001
1906-11-01,5.501,11.17,,14.054
1906-12-01,,9.258,-1.6640000000000001,13.54
1907-01-01,1.798,7.903,-3.867,13.107999999999999
1907-02-01,2.117,7.9929999999999986,-3.603,13.257
1907-03-01,4.575,10.61,-1.6,14.15
1907-04-01,7.579,13.401,1.521,
1907-05-01,10.375,16.335,4.0840000000000005,15.602
1907-06-01,12.729,18.576,6.509,16.253
1907-07-01,,19.626,,16.596
1907-08-01,13.362,19.187,7.464999999999999,16.456
1907-09-01,11.665,17.442999999999998,5.59,15.902000000000001
1907-10-01,9.234,,3.32,15.159
1907-11-01,5.207000000000002,10.71,-0.5570000000000002,13.872
1907-12-01,2.9560000000000004,8.831,-2.585,13.225
1908-01-01,2.3040000000000003,8.117999999999999,-3.548,13.16
1908-02-01,2.769,8.527000000000001,-3.177,
1908-03-01,4.136,10.384,-2.101,13.783
1908-04-01,7.831999999999999,13.853,1.735,14.800999999999998
1908-05-01,11.140999999999998,16.958000000000002,4.86,15.757
1908-06-01,13.293,19.063,6.902,16.289
1908-07-01,14.197000000000001,19.748,8.113,16.618000000000002
1908-08-01,13.376,19.359,7.499,16.365000000000002
1908-09-01,11.977,17.781000000000006,,15.93
1908-10-01,8.865,14.675,2.948,14.883
1908-11-01,5.272,11.097999999999999,-0.5760000000000001,13.842
1908-12-01,3.071,8.901,-2.535,13.189
1909-01-01,1.395,7.121,-4.298,12.839
1909-02-01,2.7060000000000004,,-3.447,13.35
1909-03-01,4.589,10.659,,13.852
1909-04-01,7.534,13.425999999999998,,14.719
1909-05-01,10.610999999999999,16.668000000000006,4.380000000000001,15.6
1909-06-01,12.962,18.71,6.766,16.191000000000006
1909-07-01,14.06,19.787,8.05,16.437
1909-08-01,13.752,19.625,7.752999999999999,16.496000000000002
1909-09-01,11.879,17.891000000000005,5.778,15.849
1909-10-01,9.192,15.139,3.221,14.941
1909-11-01,,11.959,0.32299999999999995,13.993
1909-12-01,,8.763,-2.353,13.217
1910-01-01,2.333,8.094999999999999,-3.2700000000000005,13.139
1910-02-01,2.779,,-3.2260000000000004,13.317
1910-03-01,4.606,10.780999999999999,-1.675,13.872
1910-04-01,8.104999999999999,14.37,1.704,14.845
1910-05-01,11.005,17.03,4.675000000000002,15.712
1910-06-01,13.151,19.027,6.871,16.264000000000006
1910-07-01,14.279000000000002,19.952,8.205,16.543
1910-08-01,13.677,19.425,7.605999999999999,16.477
1910-09-01,11.732999999999999,17.623,5.6690000000000005,15.875
1910-10-01,9.006,14.905,2.986,15.019
1910-11-01,5.318,11.072,,13.75
1910-12-01,2.684,8.5,-2.999,13.015999999999998
1911-01-01,1.66,7.132999999999999,-3.969,12.908
1911-02-01,2.4530000000000003,8.15,-3.664,13.164000000000001
1911-03-01,4.347,10.362,,13.752
1911-04-01,7.9899999999999975,14.081,1.8559999999999999,14.716
1911-05-01,,16.71,4.6320000000000014,
1911-06-01,13.009,19.090999999999998,6.7780000000000005,16.108
1911-07-01,14.082,,8.052999999999999,16.430999999999994
1911-08-01,13.499,19.396,7.6069999999999975,16.387
1911-09-01,11.638,,5.723,
1911-10-01,9.263,14.99,,15.063
1911-11-01,5.964,11.652,0.30899999999999994,14.062
1911-12-01,3.39,8.811,-1.981,13.425
1912-01-01,2.402,7.911,-3.305,
1912-02-01,3.354,9.379,-2.718,13.595
1912-03-01,4.356,10.725,-1.9809999999999999,
1912-04-01,8.229,14.069,2.091,15.065
1912-05-01,11.254,17.389000000000006,,
1912-06-01,13.435,19.351,7.166,16.397000000000002
1912-07-01,13.723,,7.915999999999999,16.509
1912-08-01,13.053,19.027,7.276999999999999,
1912-09-01,,,5.227,15.685
1912-10-01,8.366999999999999,14.133,,14.751
1912-11-01,5.521,,-0.2909999999999999,13.928
1912-12-01,3.069,8.307,-2.459,13.23
1913-01-01,2.083,7.6549999999999985,-3.657,13.065999999999999
1913-02-01,2.376,8.232999999999999,-3.4850000000000003,13.344000000000001
1913-03-01,4.517,10.4,-1.597,13.953
1913-04-01,8.023,14.219,1.91,14.957
1913-05-01,10.745,16.815,4.652,
1913-06-01,13.005,19.075,6.6670000000000025,16.215999999999998
1913-07-01,,20.256,7.967,16.552
1913-08-01,13.724,19.805,7.7349999999999985,
1913-09-01,11.759,17.833000000000006,5.629,15.867
1913-10-01,9.077,14.904000000000002,3.091,15.028
1913-11-01,6.024,11.67,0.34700000000000003,14.123
1913-12-01,4.103,9.556,-1.4300000000000002,13.624
1914-01-01,3.3760000000000003,8.822000000000003,-2.334,13.545
1914-02-01,3.2,8.501999999999999,-2.551,13.576
1914-03-01,4.942,11.039,-1.31,
1914-04-01,8.097999999999999,14.050999999999998,,15.017999999999999
1914-05-01,11.284999999999998,17.199,5.2330000000000005,
1914-06-01,13.495999999999999,19.335,7.2189999999999985,16.421000000000006
1914-07-01,14.298,20.065,,16.653
1914-08-01,13.73,19.692,7.869999999999999,16.692
1914-09-01,11.915,17.747000000000003,,16.075
1914-10-01,9.387,15.270999999999999,3.5669999999999997,15.223
1914-11-01,5.759,11.287,0.239,
1914-12-01,3.6,8.764,-1.624,13.597
1915-01-01,2.299,7.901,-3.4160000000000004,13.32
1915-02-01,3.265,8.931000000000003,-2.52,13.675
1915-03-01,5.143,11.024,-1.115,14.32
1915-04-01,8.705,14.607,2.755,15.292
1915-05-01,11.493,17.141000000000002,5.371,16.067
1915-06-01,13.3,19.189,7.154,16.445
1915-07-01,14.443,20.553,,16.817
1915-08-01,13.77,19.997,,16.802
1915-09-01,11.867,17.811,6.0379999999999985,16.102
1915-10-01,8.984,14.862,3.017,15.093
1915-11-01,6.216,12.159,0.297,14.254
1915-12-01,3.633,9.515,-2.069,13.538
1916-01-01,2.616,8.309,-2.927,13.294
1916-02-01,2.957,,,13.581
1916-03-01,4.846,10.960999999999999,-1.584,14.120999999999999
1916-04-01,8.046999999999999,14.095999999999998,1.918,14.975
1916-05-01,10.972,17.084,4.7940000000000005,15.779000000000002
1916-06-01,12.942,,6.867000000000001,16.290000000000006
1916-07-01,14.052,20.012,8.184,16.599
1916-08-01,13.58,19.484,7.754,16.511
1916-09-01,11.725999999999999,17.634,,15.927
1916-10-01,9.052999999999999,14.763,3.156,14.919
1916-11-01,5.596,11.22,-0.31099999999999994,13.814
1916-12-01,2.316,7.837999999999999,-3.402,13.005999999999998
1917-01-01,2.133,7.847999999999999,-3.782,12.84
1917-02-01,2.36,8.334,-3.771,13.099
1917-03-01,4.488,10.552,-1.983,13.800999999999998
1917-04-01,7.854999999999999,13.932,1.689,14.815
1917-05-01,10.443,16.421000000000006,4.3050000000000015,15.537
1917-06-01,12.915,18.889,6.7920000000000025,16.239
1917-07-01,14.259,20.083,8.377,16.706
1917-08-01,,19.567999999999998,7.544999999999999,16.580000000000002
1917-09-01,11.745,17.669,5.796,16.058
1917-10-01,8.544,14.425999999999998,2.64,
1917-11-01,,11.686,0.05700000000000005,14.002
1917-12-01,2.247,7.7029999999999985,-3.43,13.098
1918-01-01,1.9340000000000002,7.552,,13.129
1918-02-01,2.455,8.256,-3.568,13.312000000000001
1918-03-01,4.811,10.704,-1.267,14.034
1918-04-01,7.643999999999999,13.706,1.426,14.794
1918-05-01,10.54,16.48,4.386,15.733
1918-06-01,12.908,18.730999999999998,6.772,
1918-07-01,14.002,19.916,7.896,16.596
1918-08-01,13.431,19.326,7.491999999999999,16.552
1918-09-01,11.880999999999998,,5.8,16.074
1918-10-01,9.433,15.332,3.5780000000000003,15.252
1918-11-01,,11.265,0.14200000000000002,14.297
1918-12-01,2.8480000000000003,8.266,-2.627,13.439
1919-01-01,2.184,,-3.3960000000000004,13.309
1919-02-01,2.852,8.626999999999999,-2.9960000000000004,13.678
1919-03-01,4.743,,-1.5470000000000002,14.22
1919-04-01,8.487,,,15.253
1919-05-01,10.969,16.701,4.881,15.847
1919-06-01,13.228,19.017,,16.375
1919-07-01,14.274000000000001,20.146,,
1919-08-01,13.786,,,16.498
1919-09-01,11.989999999999998,17.887,6.126,16.025
1919-10-01,9.361,,3.522,15.117
1919-11-01,5.489,11.158,-0.4310000000000001,13.914
1919-12-01,3.2239999999999998,8.756,-2.395,13.263
1920-01-01,2.841,8.443999999999999,-2.942,13.257
1920-02-01,2.755,8.266,-3.109,
1920-03-01,5.227,11.034,-0.782,14.25
1920-04-01,8.293,14.140999999999998,2.164,15.079
1920-05-01,11.130999999999998,17.145,5.126,15.855
1920-06-01,13.105,18.9,7.057,16.415000000000006
1920-07-01,14.245,20.121,8.299,16.692999999999998
1920-08-01,13.698,19.647,7.7719999999999985,16.625999999999998
1920-09-01,11.794,17.810000000000006,,16.117
1920-10-01,9.021,,3.1,15.206
1920-11-01,5.566,11.127,-0.123,14.159
1920-12-01,2.629,8.225,,13.311
1921-01-01,2.98,8.737,-2.709,13.439
1921-02-01,3.125,9.17,-2.8160000000000003,13.622
1921-03-01,5.081,10.927999999999999,-0.931,14.128
1921-04-01,8.324,14.327,2.252,15.005
1921-05-01,11.245,17.255000000000006,5.152,15.826
1921-06-01,13.44,19.36,7.383999999999999,16.490000000000002
1921-07-01,14.436,20.42,8.424,16.783
1921-08-01,13.561,19.468,7.600999999999999,16.618000000000002
1921-09-01,11.869000000000002,17.785,5.996,16.166
1921-10-01,9.264,15.124,3.446,15.285
1921-11-01,5.864,11.362,0.2,14.236
1921-12-01,3.663,9.157,-1.874,13.627
1922-01-01,2.15,7.603,-3.428,13.177
1922-02-01,2.376,8.234,-3.684,13.453
1922-03-01,5.1560000000000015,11.248,-1.1880000000000002,14.245
1922-04-01,8.379999999999999,14.521,2.156,15.168
1922-05-01,11.097,16.912000000000006,4.9830000000000005,15.778
1922-06-01,13.331,19.153,7.266,16.406000000000002
1922-07-01,14.278,,8.241,16.745
1922-08-01,13.584,19.475,7.5989999999999975,16.532
1922-09-01,11.775,17.660999999999994,5.754,15.981
1922-10-01,9.056,14.975,3.134,15.043
1922-11-01,6.046,11.615,0.23199999999999998,14.117
1922-12-01,3.667,8.968,-1.865,13.503
1923-01-01,2.487,8.209999999999999,-3.1950000000000003,13.24
1923-02-01,2.563,8.298,,13.358
1923-03-01,4.8660000000000005,,-1.256,14.049
1923-04-01,7.749,13.64,1.6019999999999999,14.959
1923-05-01,10.848999999999998,,4.790000000000001,15.724
1923-06-01,13.296,,7.1389999999999985,16.452
1923-07-01,13.984000000000002,19.81,,16.628
1923-08-01,13.611,19.445,7.645,
1923-09-01,,17.783,5.816,15.992
1923-10-01,9.52,15.188,3.523,15.249
1923-11-01,6.377999999999999,11.871,0.474,14.404000000000002
1923-12-01,3.88,9.269,-1.903,13.739
1924-01-01,2.339,7.911999999999999,-3.502,13.302999999999999
1924-02-01,2.888,,-3.0250000000000004,13.585
1924-03-01,,11.239999999999998,-0.8059999999999999,14.325
1924-04-01,7.97,13.857,1.722,15.081
1924-05-01,11.187999999999999,17.185000000000002,4.905,15.918
1924-06-01,13.342,19.195,7.085000000000001,16.461000000000002
1924-07-01,14.304,,8.161,16.724
1924-08-01,13.654000000000002,19.519,7.584999999999999,16.555999999999994
1924-09-01,,,6.024,16.003
1924-10-01,9.203,14.895999999999999,3.29,15.042
1924-11-01,6.4,11.794,0.6559999999999999,14.132
1924-12-01,3.485,8.639,-2.021,13.342
1925-01-01,2.2680000000000002,7.483999999999999,-3.1790000000000003,13.157
1925-02-01,2.701,8.51,,13.361
1925-03-01,,11.133,-1.14,14.155
1925-04-01,8.442,14.538,2.178,15.011
1925-05-01,11.039,17.032,4.828,15.855
1925-06-01,13.089,,6.882999999999999,16.413
1925-07-01,14.066,,8.047,16.740000000000002
1925-08-01,13.769,19.737,7.7239999999999975,16.715999999999998
1925-09-01,,17.874000000000006,6.007999999999999,16.14
1925-10-01,9.196,14.889,3.287,15.220999999999998
1925-11-01,6.34,11.912,0.6459999999999999,14.418
1925-12-01,4.398,10.011,-1.4700000000000002,13.897
1926-01-01,3.4530000000000003,8.785,-2.2220000000000004,13.739
1926-02-01,3.717,9.503,-2.307,13.842
1926-03-01,5.831,11.593,-0.23400000000000004,14.536
1926-04-01,8.193,14.095,2.006,15.214
1926-05-01,10.931,16.688000000000002,4.806,
1926-06-01,13.285,19.214,7.0790000000000015,
1926-07-01,,19.998,8.058,16.766000000000002
1926-08-01,13.877,19.695,7.915999999999999,16.8
1926-09-01,12.075,17.816000000000006,6.15,16.222
1926-10-01,9.55,15.474,3.6010000000000004,15.372
1926-11-01,6.3,11.936,0.618,14.351
1926-12-01,3.366,8.629999999999999,-2.248,13.538
1927-01-01,2.372,,-3.5120000000000005,13.323
1927-02-01,3.039,8.67,-2.866,
1927-03-01,4.668,10.565,-1.495,14.084
1927-04-01,8.035,,,15.045
1927-05-01,11.104,16.998,4.873,15.873
1927-06-01,13.271999999999998,,7.106,16.444000000000006
1927-07-01,14.323,20.237000000000002,8.283999999999999,16.812
1927-08-01,13.698,19.529,7.696999999999999,16.742
1927-09-01,12.254,18.109,6.26,16.224
1927-10-01,,15.627,4.02,15.435
1927-11-01,,12.072,0.596,14.342
1927-12-01,3.267,,-2.3920000000000003,
1928-01-01,3.0460000000000003,8.290999999999999,-2.6310000000000002,13.637
1928-02-01,3.333,9.04,-2.609,13.722000000000001
1928-03-01,4.959,10.892,-1.247,14.229
1928-04-01,8.244,14.193,2.046,15.126
1928-05-01,11.169,17.060000000000002,,15.88
1928-06-01,13.113,18.855999999999998,7.045,16.355
1928-07-01,14.31,20.005,8.189,16.796
1928-08-01,13.687,19.522,7.797999999999999,16.7
1928-09-01,12.03,,6.02,16.066
1928-10-01,9.486,15.387,3.549,15.232000000000001
1928-11-01,6.336,11.933,0.629,14.276
1928-12-01,3.873,9.186,-1.751,13.568
1929-01-01,2.0540000000000003,7.479999999999999,-3.66,13.137
1929-02-01,,7.837999999999999,,13.241
1929-03-01,5.099,10.982,-1.131,14.079
1929-04-01,8.094,14.08,1.842,14.987
1929-05-01,10.915,16.906000000000002,4.784000000000002,15.716
1929-06-01,12.927999999999999,18.65,6.908,
1929-07-01,13.957,19.652,8.012,16.59
1929-08-01,13.68,19.548,7.696999999999999,16.671
1929-09-01,,17.598000000000006,,16.092
1929-10-01,9.46,15.217,3.686,15.248
1929-11-01,6.1720000000000015,11.757,0.377,14.313
1929-12-01,2.571,7.769,-2.9450000000000003,13.207
1930-01-01,2.401,7.669999999999999,-3.169,13.26
1930-02-01,,8.9,-2.8520000000000003,13.54
1930-03-01,,11.539,-0.5710000000000001,14.325999999999999
1930-04-01,8.181999999999999,14.017,2.072,15.081
1930-05-01,11.105,16.87,5.016,15.911
1930-06-01,,19.070999999999998,7.295,16.473000000000006
1930-07-01,,20.252,8.415,16.854
1930-08-01,,19.803,7.995999999999999,16.791
1930-09-01,,17.754,5.935,16.25
1930-10-01,9.261,14.940999999999999,3.5869999999999997,15.355
1930-11-01,,12.032,,14.505
1930-12-01,,,-1.736,13.724
1931-01-01,2.761,8.059,-2.897,13.529000000000002
1931-02-01,2.708,8.218,-3.123,13.621
1931-03-01,5.22,11.194,-1.006,14.347
1931-04-01,8.163,,2.025,
1931-05-01,11.02,16.805,4.9510000000000005,15.872
1931-06-01,13.573,19.419,7.489000000000001,16.630000000000006
1931-07-01,14.576,20.399,8.665,16.967
1931-08-01,,19.961,8.189,16.887
1931-09-01,12.283,18.078000000000007,6.485,16.294
1931-10-01,9.937,15.718,4.073,15.448
1931-11-01,6.2429999999999986,11.63,0.5449999999999999,14.317
1931-12-01,4.027,9.477,-1.5730000000000002,13.711
1932-01-01,3.604,9.158999999999999,-2.0540000000000003,13.687
1932-02-01,2.989,8.797,-3.2300000000000004,13.658
1932-03-01,4.94,10.934,-1.1640000000000001,14.252
1932-04-01,8.769,14.644,2.5989999999999998,15.335
1932-05-01,11.239,16.865000000000002,5.2250000000000005,16.018
1932-06-01,13.383,19.114,7.257999999999999,16.504
1932-07-01,14.372,20.093,8.416,16.846
1932-08-01,,19.5,7.916999999999999,16.68
1932-09-01,12.31,18.216,,16.262999999999998
1932-10-01,9.682,15.424,3.9,15.28
1932-11-01,5.908,11.550999999999998,0.014000000000000012,14.175
1932-12-01,3.5269999999999997,8.888,-2.071,
1933-01-01,2.169,,-3.4530000000000003,13.26
1933-02-01,2.657,,-3.318,13.505999999999998
1933-03-01,4.869,10.774,-1.27,14.130999999999998
1933-04-01,8.125,14.046,2.003,15.043
1933-05-01,11.047,16.845000000000002,4.988,
1933-06-01,13.11,19.035999999999998,7.001,16.337
1933-07-01,,20.037,8.295,16.704
1933-08-01,13.76,19.635,7.858,16.701
1933-09-01,11.854,17.631,6.055,16.024
1933-10-01,,15.172,3.374,15.143
1933-11-01,5.89,11.578,0.09299999999999996,
1933-12-01,3.104,8.456,-2.533,13.352
1934-01-01,2.476,7.994999999999999,-3.1310000000000002,13.276
1934-02-01,3.699,9.504,-2.1910000000000003,13.701
1934-03-01,4.8180000000000005,10.835,-1.382,14.072
1934-04-01,8.016,13.996,1.8530000000000002,15.02
1934-05-01,,17.533,5.260000000000002,15.951
1934-06-01,13.402,19.183,7.4220000000000015,16.578000000000007
1934-07-01,14.343,,,16.851
1934-08-01,13.778,19.534,8.01,16.740000000000002
1934-09-01,11.727,17.505000000000006,5.899,16.128
1934-10-01,9.421,15.371,3.629,15.332
1934-11-01,6.397,11.735999999999999,0.978,
1934-12-01,3.985,9.279,-1.62,13.673
1935-01-01,2.1750000000000003,7.736999999999999,-3.6180000000000003,13.299
1935-02-01,4.125,9.943999999999999,-1.717,13.857000000000001
1935-03-01,5.399,11.343,,14.269
1935-04-01,7.770999999999999,,,15.013
1935-05-01,10.905999999999999,16.880000000000006,4.755000000000001,15.847999999999999
1935-06-01,13.325999999999999,19.1,7.1930000000000005,16.504
1935-07-01,14.331,20.173,8.437999999999999,16.848
1935-08-01,13.775,19.657,7.830999999999999,16.715
1935-09-01,11.999,17.896,6.042000000000002,16.143
1935-10-01,9.516,15.379,3.7,15.311
1935-11-01,5.443,10.849,-0.23,14.069
1935-12-01,3.423,8.675,-2.09,13.55
1936-01-01,2.249,,-3.53,13.26
1936-02-01,2.506,8.253,-3.458,13.533
1936-03-01,5.0310000000000015,11.032,-1.154,14.206
1936-04-01,8.126999999999999,14.082,1.976,15.089
1936-05-01,11.251,17.076,5.23,15.935
1936-06-01,13.363,19.171,7.2879999999999985,16.524
1936-07-01,14.629,20.443,8.704,
1936-08-01,13.86,19.691,7.9289999999999985,16.811
1936-09-01,,17.91,6.064,16.191
1936-10-01,9.457,15.315999999999999,3.658,15.412
1936-11-01,6.2330000000000005,11.814,0.407,14.338
1936-12-01,,9.181,-1.4409999999999998,13.767
1937-01-01,2.4530000000000003,7.879,-3.216,13.417
1937-02-01,3.553,9.237,-2.387,13.904000000000002
1937-03-01,4.851,,-1.413,14.276
1937-04-01,8.139999999999999,,,15.228
1937-05-01,11.422,17.358,5.1690000000000005,16.051
1937-06-01,13.603,19.558,7.4540000000000015,16.679000000000002
1937-07-01,14.375,20.154,,17.054000000000002
1937-08-01,14.007,19.85,8.145,16.941
1937-09-01,12.412999999999998,18.377,6.419,16.402
1937-10-01,9.729,15.635,4.002,15.523
1937-11-01,6.356,11.913,0.612,14.447000000000001
1937-12-01,3.478,8.999,,
1938-01-01,2.91,,-2.5970000000000004,13.595999999999998
1938-02-01,3.417,9.138,,
1938-03-01,5.651,11.616,-0.4310000000000001,
1938-04-01,8.913,14.984000000000002,2.968,15.363
1938-05-01,11.456,17.429000000000002,5.4270000000000005,16.000999999999998
1938-06-01,13.321,18.989,7.417999999999998,16.607000000000006
1938-07-01,14.482,20.249,8.612,16.871
1938-08-01,13.963,19.85,8.097000000000001,16.904
1938-09-01,12.427,18.311,6.468,16.367
1938-10-01,9.783999999999999,15.734000000000002,3.984,15.526
1938-11-01,6.53,12.161,,14.408
1938-12-01,3.51,8.922,-2.0010000000000003,
1939-01-01,2.932,,-2.7710000000000004,13.537999999999998
1939-02-01,3.2319999999999998,9.048,,13.757
1939-03-01,4.926,10.835999999999999,-1.1,14.273
1939-04-01,8.328,14.44,2.271,15.296
1939-05-01,11.524,17.489,5.362,16.174
1939-06-01,13.530999999999999,19.47,7.5100000000000025,16.712
1939-07-01,14.395,20.26,,16.988
1939-08-01,13.932,19.807,8.011000000000001,16.892
1939-09-01,,17.922,5.907,16.3
1939-10-01,9.218,14.963,3.479,15.232000000000001
1939-11-01,6.189,11.742,,14.379
1939-12-01,4.959,10.629,,14.087
1940-01-01,2.335,7.9419999999999975,,13.575999999999999
1940-02-01,3.423,9.25,-2.488,13.932
1940-03-01,5.424,11.402,-0.622,14.48
1940-04-01,,14.793,2.722,15.452
1940-05-01,,17.273,5.202000000000001,16.08
1940-06-01,13.583,19.500999999999998,7.532,16.725
1940-07-01,,20.408,8.51,17.123
1940-08-01,13.811,19.662,7.9369999999999985,16.945999999999998
1940-09-01,12.267999999999999,18.186,6.377000000000002,16.43
1940-10-01,,15.273,3.762,15.384
1940-11-01,6.0760000000000005,11.667,0.52,14.377
1940-12-01,4.134,9.592,-1.4180000000000001,13.96
1941-01-01,2.7350000000000003,8.347999999999999,,13.622
1941-02-01,3.67,9.439,-2.234,13.946000000000002
1941-03-01,5.212999999999999,11.152,-0.901,14.425
1941-04-01,8.575,14.429,2.616,15.407
1941-05-01,11.493,17.259,5.5820000000000025,16.152
1941-06-01,13.63,19.447,,16.753
1941-07-01,14.694,20.578000000000007,8.738999999999999,17.131
1941-08-01,14.028,19.852999999999998,8.133999999999999,16.915
1941-09-01,11.815999999999999,,5.973,16.19
1941-10-01,9.71,,3.988,15.629000000000001
1941-11-01,5.9529999999999985,11.536,0.265,14.475
1941-12-01,,9.076,-1.87,13.970999999999998
1942-01-01,3.103,8.715,-2.609,
1942-02-01,,8.544,-2.883,13.773
1942-03-01,5.308,11.264,-0.7709999999999999,14.538
1942-04-01,8.415999999999999,14.453,2.401,15.307
1942-05-01,11.338,17.195999999999998,5.3980000000000015,16.147000000000002
1942-06-01,13.578,19.417,7.721,16.729000000000006
1942-07-01,,20.107,8.516,16.902
1942-08-01,,19.602999999999998,8.042,16.766000000000002
1942-09-01,12.145999999999999,18.143,6.151,16.265
1942-10-01,9.627,15.452,3.864,15.358
1942-11-01,6.3950000000000005,12.149,0.6849999999999999,14.425999999999998
1942-12-01,,9.368,-1.4740000000000002,13.872
1943-01-01,2.396,8.017000000000001,-3.2830000000000004,
1943-02-01,3.513,9.468,-2.37,13.939
1943-03-01,5.138,11.123,-0.812,14.370999999999999
1943-04-01,8.638,14.654000000000002,2.719,15.335
1943-05-01,11.485,,5.5230000000000015,16.123
1943-06-01,13.161,19.035999999999998,7.314,16.596
1943-07-01,14.46,20.394000000000002,8.503,
1943-08-01,13.774,19.68,7.985999999999999,16.912
1943-09-01,12.095999999999998,18.029000000000003,6.325,16.285
1943-10-01,9.907,15.859000000000002,,15.62
1943-11-01,6.26,11.87,0.5920000000000001,
1943-12-01,4.2330000000000005,9.705,-1.3259999999999998,13.957
1944-01-01,3.504,,-1.9290000000000005,13.819
1944-02-01,3.591,9.407,-2.123,14.023
1944-03-01,,11.517,-0.4,14.632
1944-04-01,8.434,14.577,2.3369999999999997,
1944-05-01,11.334,17.483,5.3279999999999985,16.212
1944-06-01,13.478,,7.4910000000000005,16.772000000000002
1944-07-01,14.468,20.493,8.652000000000001,17.119
1944-08-01,14.017,20.108,8.075999999999999,17.117
1944-09-01,12.45,18.453000000000007,6.614,16.472
1944-10-01,9.808,15.732,4.032,15.623
1944-11-01,6.091,11.515,0.607,14.401
1944-12-01,3.4339999999999997,8.895999999999997,-1.969,13.767
1945-01-01,2.525,8.126999999999999,,13.585999999999999
1945-02-01,2.6460000000000004,8.373,-3.044,13.747
1945-03-01,,11.182,-0.898,14.462
1945-04-01,8.681000000000001,14.727,2.6010000000000004,15.431
1945-05-01,11.097,17.214000000000002,5.008,16.064
1945-06-01,13.328,19.407,7.3660000000000005,16.660999999999998
1945-07-01,,20.142,8.352,16.910999999999998
1945-08-01,14.313,20.189,8.412999999999998,17.105999999999998
1945-09-01,12.225,18.078000000000007,6.414,16.358
1945-10-01,9.575,15.458,3.83,15.574000000000002
1945-11-01,6.073,,0.47,14.453
1945-12-01,3.158,8.671,-2.337,13.616
1946-01-01,2.979,8.484,-2.547,13.638
1946-02-01,3.4610000000000003,9.259,-2.3890000000000002,13.816
1946-03-01,,11.244000000000002,-0.8390000000000001,14.514
1946-04-01,8.837,14.909,2.7110000000000003,
1946-05-01,11.355,,5.323,15.994000000000002
1946-06-01,13.298,19.086,,16.512999999999998
1946-07-01,,20.265,8.427,16.944000000000006
1946-08-01,13.834,19.783,7.9979999999999976,16.717000000000002
1946-09-01,12.064,17.921000000000006,,16.252
1946-10-01,9.281,15.175,3.577,15.437000000000001
1946-11-01,6.235,11.863,0.5549999999999999,14.359000000000002
1946-12-01,3.134,8.514,-2.31,13.528
1947-01-01,2.597,8.109,,13.532
1947-02-01,3.277,9.045,-2.668,13.832
1947-03-01,5.801,11.8,-0.3670000000000001,14.54
1947-04-01,,14.734000000000002,2.738,15.373
1947-05-01,11.329,17.266000000000002,5.263000000000001,16.089000000000002
1947-06-01,13.459,19.361,7.452000000000001,16.701
1947-07-01,14.349,20.126,8.35,
1947-08-01,13.827,19.541,8.001999999999999,16.804000000000002
1947-09-01,12.165999999999999,17.959000000000003,6.355,16.261
1947-10-01,10.011,,4.313,15.49
1947-11-01,6.407,11.925999999999998,0.913,14.435
1947-12-01,3.656,9.086,-1.784,13.692
1948-01-01,3.366,9.136,-2.3520000000000003,13.665999999999999
1948-02-01,3.22,9.033999999999999,,13.692
1948-03-01,4.9190000000000005,10.852,-1.0390000000000001,
1948-04-01,8.498999999999999,14.384,2.617,15.265999999999998
1948-05-01,11.537,17.592000000000002,5.5150000000000015,16.173
1948-06-01,13.664,,7.585,16.742
1948-07-01,14.445,20.334,8.625,16.938
1948-08-01,13.896,19.87,7.964999999999999,16.902
1948-09-01,12.155,,6.209,16.243
1948-10-01,9.584,15.52,3.812,
1948-11-01,6.1850000000000005,11.853,0.691,14.299
1948-12-01,3.491,8.981,-2.03,13.54
1949-01-01,3.2190000000000003,8.837,-2.4280000000000004,13.704
1949-02-01,2.759,8.517999999999999,-3.003,13.686
1949-03-01,5.077,10.981,-0.773,14.322
1949-04-01,8.344,14.41,2.364,15.312
1949-05-01,11.309,17.195999999999998,5.444000000000001,16.063
1949-06-01,13.222999999999999,19.064,7.3889999999999985,16.467000000000002
1949-07-01,,,,16.807000000000002
1949-08-01,13.826,19.77,8.004,16.796
1949-09-01,11.957,17.969,6.0520000000000005,16.177
1949-10-01,9.531,15.439,3.719,15.375
1949-11-01,6.148,11.821,0.45299999999999996,14.331
1949-12-01,3.449,8.843,-1.892,13.633
1950-01-01,2.008,7.6110000000000015,-3.622,13.311
1950-02-01,2.721,8.475,-3.013,13.554
1950-03-01,5.247000000000001,11.173,,14.296
1950-04-01,8.123,14.157,2.043,15.093
1950-05-01,11.297,17.252000000000002,5.421,
1950-06-01,13.382,19.29,7.501,16.66
1950-07-01,14.14,19.882,8.417,16.980999999999998
1950-08-01,13.46,19.39,7.728999999999999,16.730999999999998
1950-09-01,11.952,,6.205,16.124000000000002
1950-10-01,9.152999999999999,14.918,3.452,15.245
1950-11-01,5.372000000000001,11.077,-0.4259999999999999,14.06
1950-12-01,3.528,9.123,-2.071,13.586
1951-01-01,2.138,7.77,-3.5210000000000004,13.341
1951-02-01,2.332,8.163,-3.661,13.488
1951-03-01,5.091,11.074000000000002,-1.0870000000000002,14.277999999999999
1951-04-01,8.366999999999999,14.538,2.191,
1951-05-01,11.437999999999999,17.371000000000002,5.376,16.158
1951-06-01,13.25,19.16,7.312,16.768
1951-07-01,14.324000000000002,20.225,8.416,17.046
1951-08-01,14.021,,8.033,17.081
1951-09-01,12.324000000000002,18.362000000000002,6.4270000000000005,
1951-10-01,9.67,15.149,,15.529000000000002
1951-11-01,,11.752,0.457,
1951-12-01,4.327999999999999,,-1.162,13.995
1952-01-01,3.049,8.655999999999999,-2.579,13.762
1952-02-01,3.3960000000000004,,-2.4250000000000003,14.009
1952-03-01,4.9670000000000005,10.96,-1.193,14.373
1952-04-01,8.461,14.565,2.445,15.363
1952-05-01,,,,16.129
1952-06-01,13.442,19.426,7.626,
1952-07-01,14.549,,8.754,17.067999999999998
1952-08-01,13.964,19.753,8.161,16.952
1952-09-01,12.238,18.109,6.379,16.395
1952-10-01,9.157,15.032,3.294,
1952-11-01,5.425,11.017,-0.16400000000000006,14.334
1952-12-01,3.659,9.215,-1.85,13.787
1953-01-01,2.964,8.540999999999999,,13.642
1953-02-01,3.629,9.51,-2.1820000000000004,
1953-03-01,5.7120000000000015,11.677,-0.22000000000000008,14.561
1953-04-01,8.892000000000003,14.813,2.9130000000000003,
1953-05-01,11.514,17.358,5.53,16.266
1953-06-01,13.612,19.461,7.749,16.89
1953-07-01,,20.254,8.565,17.088
1953-08-01,14.059,19.803,8.25,16.985
1953-09-01,12.199000000000002,18.145000000000003,6.2879999999999985,16.418
1953-10-01,9.59,,,15.470999999999998
1953-11-01,5.924,11.376,0.419,14.332
1953-12-01,3.998,9.366,-1.2990000000000002,13.862
1954-01-01,,7.672999999999999,,13.38
1954-02-01,3.084,,-2.6740000000000004,13.783
1954-03-01,,11.148,-0.865,14.385
1954-04-01,8.158,13.973,2.424,15.225999999999999
1954-05-01,10.988,16.784000000000002,5.1960000000000015,15.970999999999998
1954-06-01,13.4,19.213,7.62,16.609
1954-07-01,14.241,20.015,,16.851
1954-08-01,,19.588,8.184,16.816
1954-09-01,12.097999999999999,17.852,6.3679999999999986,16.223
1954-10-01,9.546,15.26,3.902,15.423
1954-11-01,6.579,12.155,1.046,14.48
1954-12-01,3.5589999999999997,8.915,-1.7730000000000001,13.62
1955-01-01,,8.914,-2.028,13.717
1955-02-01,3.137,8.966000000000003,-2.71,13.718
1955-03-01,4.585,10.377,-1.4269999999999998,14.179
1955-04-01,8.136000000000001,13.914,2.2230000000000003,
1955-05-01,11.191999999999998,17.110000000000007,5.504,15.882
1955-06-01,13.56,19.218,7.735,16.555
1955-07-01,14.242,19.959,8.579,16.809
1955-08-01,14.283,,8.302999999999999,16.899
1955-09-01,11.954,17.859,6.405,16.148
1955-10-01,9.735,,3.923,15.333
1955-11-01,5.973,11.527,0.08399999999999996,14.211
1955-12-01,3.306,8.802,-2.254,13.522
1956-01-01,2.466,7.909,-3.055,
1956-02-01,2.781,8.555,-3.1310000000000002,
1956-03-01,,10.835999999999999,-1.028,14.231
1956-04-01,7.9220000000000015,13.848,2.043,15.029000000000002
1956-05-01,10.720999999999998,16.734,5.083,15.823
1956-06-01,13.16,18.939,7.309,16.472
1956-07-01,14.18,19.952,8.603,16.830000000000002
1956-08-01,13.189,18.967,7.512999999999999,
1956-09-01,11.783,17.500999999999998,5.872000000000001,16.088
1956-10-01,8.927999999999997,14.667,3.173,15.159
1956-11-01,5.738,11.414,0.134,14.261
1956-12-01,3.5980000000000003,8.962,-1.775,13.704
1957-01-01,2.488,,-2.97,
1957-02-01,3.12,8.708,-2.51,13.804
1957-03-01,5.0360000000000005,10.985999999999999,-0.916,14.380999999999998
1957-04-01,,14.094,2.426,
1957-05-01,11.259,17.054000000000002,5.4300000000000015,16.215999999999998
1957-06-01,13.783,19.473,7.811,16.878
1957-07-01,14.129,19.828,8.382,
1957-08-01,14.082,19.792,8.263,17.049
1957-09-01,12.312,,6.407,
1957-10-01,,15.049,3.801,15.463
1957-11-01,6.391,11.849,0.831,14.515999999999998
1957-12-01,4.327999999999999,9.68,-0.943,13.970999999999998
1958-01-01,,8.977,-1.7720000000000002,13.880999999999998
1958-02-01,3.695,9.546,-1.949,14.071000000000002
1958-03-01,5.4529999999999985,11.321,-0.5489999999999999,14.547
1958-04-01,8.52,14.392,2.57,15.359000000000002
1958-05-01,11.518999999999998,17.355,5.625,16.18
1958-06-01,13.187,19.028,,
1958-07-01,14.438,20.121,8.839,17.039
1958-08-01,13.597,19.399,8.048,16.832
1958-09-01,,17.549000000000003,6.204,16.284000000000002
1958-10-01,9.375,15.094,3.742,15.437000000000001
1958-11-01,6.26,11.718,,14.507
1958-12-01,3.822,9.23,-1.5570000000000002,13.829
1959-01-01,,8.389999999999999,-2.406,13.636
1959-02-01,3.33,9.004,-2.225,13.873
1959-03-01,5.854,11.728,-0.07100000000000006,14.612
1959-04-01,8.818999999999997,14.752,2.807,
1959-05-01,11.323,17.164,5.5360000000000005,16.122
1959-06-01,13.577,19.379,7.747999999999998,16.776
1959-07-01,14.449000000000002,20.236,8.854,17.002
1959-08-01,13.853,19.532,8.321,16.908
1959-09-01,11.946,17.663,6.3439999999999985,16.278
1959-10-01,9.16,14.767,3.5860000000000003,
1959-11-01,5.752000000000002,11.261,0.302,14.272
1959-12-01,3.77,9.122,-1.493,13.763
1960-01-01,2.713,8.222000000000001,-2.623,13.552999999999999
1960-02-01,3.798,9.748,-1.92,13.956
1960-03-01,4.303,10.216,-1.6769999999999998,
1960-04-01,,13.955,2.229,15.19
1960-05-01,,16.71,5.0440000000000005,
1960-06-01,13.484000000000002,19.305999999999997,7.729,16.67
1960-07-01,14.198,19.884,8.491999999999999,16.985
1960-08-01,13.825,19.604,8.241999999999999,16.969
1960-09-01,,17.855999999999995,6.497999999999998,16.382
1960-10-01,9.497,15.235,3.8,15.456
1960-11-01,5.8279999999999985,11.433,0.355,14.313
1960-12-01,4.259,9.64,-0.978,13.928
1961-01-01,2.926,8.379999999999999,-2.383,13.664
1961-02-01,3.683,9.299,-1.895,14.058
1961-03-01,5.589,11.478,-0.2710000000000001,14.609000000000002
1961-04-01,8.631,,2.817,15.444
1961-05-01,,17.592000000000002,5.729,16.241
1961-06-01,13.702,19.598,7.796,16.810000000000002
1961-07-01,,20.014,8.664,16.987000000000002
1961-08-01,13.849,19.605999999999998,8.229999999999999,16.917
1961-09-01,12.247,17.987000000000005,6.525,16.309
1961-10-01,9.328,15.057,3.508,15.401
1961-11-01,6.205,11.655,0.74,14.437
1961-12-01,3.5,9.016,-1.915,13.682
1962-01-01,3.003,8.657,-2.5090000000000003,13.655
1962-02-01,3.696,9.547,-2.045,14.003
1962-03-01,5.53,11.537,-0.41600000000000004,
1962-04-01,8.54,14.473,2.576,
1962-05-01,11.128,17.040000000000006,5.195,16.041
1962-06-01,13.427,19.35,7.456,16.679000000000002
1962-07-01,14.205,20.054000000000002,8.451,16.952
1962-08-01,13.713,19.553,7.940999999999999,
1962-09-01,12.017999999999999,17.845000000000006,6.313,16.246
1962-10-01,9.468,15.225999999999999,3.774,15.429
1962-11-01,6.283,11.775,0.7969999999999999,
1962-12-01,3.94,9.425,-1.4300000000000002,13.776
1963-01-01,2.9010000000000002,8.671,,
1963-02-01,4.02,9.95,-1.685,
1963-03-01,5.097,11.043,-0.895,14.357
1963-04-01,8.173,13.914,2.35,15.216
1963-05-01,,16.819000000000006,5.234,16.05
1963-06-01,13.412,19.276,,16.675
1963-07-01,14.505999999999998,20.229,8.797,17.089000000000002
1963-08-01,14.309,20.009,,17.061
1963-09-01,,18.306,6.724,16.48
1963-10-01,9.943,15.716,4.3260000000000005,15.587
1963-11-01,6.561,12.068,1.31,14.58
1963-12-01,3.75,9.346,-1.666,13.817
1964-01-01,2.8810000000000002,8.383999999999999,-2.5490000000000004,13.595
1964-02-01,3.028,8.791,-2.613,13.73
1964-03-01,4.865,10.97,-1.1520000000000001,14.255999999999998
1964-04-01,7.9220000000000015,13.794,2.152,15.062
1964-05-01,10.905,16.801000000000002,5.202000000000001,15.856
1964-06-01,13.459,19.275,7.5360000000000005,16.590999999999998
1964-07-01,14.300999999999998,20.065,8.572000000000001,16.784000000000002
1964-08-01,13.678,19.386,8.049999999999999,16.634
1964-09-01,11.604,17.394000000000002,6.11,16.002
1964-10-01,8.831999999999997,14.654000000000002,3.218,15.171
1964-11-01,5.9830000000000005,11.609000000000002,0.483,14.202
1964-12-01,3.458,,-1.7830000000000001,
1965-01-01,,8.418,-2.526,13.545
1965-02-01,3.036,8.907,-2.822,13.698
1965-03-01,5.182,11.22,,14.285
1965-04-01,7.9899999999999975,13.841,2.168,15.095
1965-05-01,11.222,17.168000000000006,5.2620000000000005,16.007
1965-06-01,13.308,19.125999999999998,7.483,16.532
1965-07-01,14.078,19.869,8.376,16.762
1965-08-01,,19.583,8.184,16.803
1965-09-01,11.73,17.407,6.096,
1965-10-01,9.488,15.11,3.8,
1965-11-01,5.86,11.337,0.354,14.287
1965-12-01,3.766,,-1.5430000000000001,13.775
1966-01-01,2.49,8.049,-3.0410000000000004,13.495
1966-02-01,3.29,9.004999999999997,,13.81
1966-03-01,5.527,11.296,-0.42,14.445
1966-04-01,8.161,13.951,2.331,15.254
1966-05-01,11.2,17.07,5.189,15.987
1966-06-01,13.587,19.378,7.723000000000001,16.692999999999998
1966-07-01,14.569,20.392,8.823,17.033
1966-08-01,,19.627,8.087,16.826
1966-09-01,12.133,18.028,6.482,
1966-10-01,,14.777,3.555,15.315
1966-11-01,5.9689999999999985,11.58,0.412,14.362
1966-12-01,3.3819999999999997,,,13.683
1967-01-01,2.71,8.395,-2.869,13.527
1967-02-01,,8.619,-2.772,13.688
1967-03-01,5.396,11.222,-0.35600000000000004,14.465
1967-04-01,8.458,14.376,2.5,15.3
1967-05-01,11.632,17.505000000000006,,16.279
1967-06-01,13.194,18.910999999999998,7.445,16.665000000000006
1967-07-01,14.331,20.142,8.706,16.97
1967-08-01,13.821,19.593,8.171999999999999,16.84
1967-09-01,,17.852,6.269,16.244
1967-10-01,9.809,15.479,4.178,15.469000000000001
1967-11-01,6.176,11.505,0.8079999999999999,14.353
1967-12-01,3.915,9.279,-1.4200000000000002,13.73
1968-01-01,2.353,7.866999999999999,-3.0620000000000003,13.389
1968-02-01,3.245,8.879999999999997,-2.319,13.724
1968-03-01,6.117000000000001,11.907,0.2849999999999999,14.581
1968-04-01,8.455,14.427,2.596,15.261
1968-05-01,11.068,16.76,5.176,15.99
1968-06-01,13.204,18.873,7.318,16.695999999999998
1968-07-01,14.026,19.734,8.431000000000001,16.887
1968-08-01,13.524,19.238,7.891999999999999,16.794
1968-09-01,11.62,17.348000000000006,5.942,16.155
1968-10-01,9.453,15.086,3.787,15.481
1968-11-01,5.891,11.3,,14.418
1968-12-01,3.24,8.551,-2.116,
1969-01-01,1.966,7.228999999999999,-3.298,13.517999999999999
1969-02-01,2.45,7.9689999999999985,-3.1910000000000003,13.747
1969-03-01,5.131,11.017999999999999,-0.8240000000000001,
1969-04-01,8.575999999999999,14.286,2.69,15.517999999999999
1969-05-01,11.354,17.064,5.565,
1969-06-01,13.475,19.208,,16.830000000000002
1969-07-01,14.218,20.024,8.666,16.924
1969-08-01,13.804,19.628,8.123999999999999,16.945
1969-09-01,12.048,17.67,6.421,
1969-10-01,9.488999999999999,14.888,4.05,15.445
1969-11-01,6.42,,0.923,14.524000000000001
1969-12-01,4.21,,-1.139,13.993
1970-01-01,2.8360000000000003,8.288,-2.584,13.710999999999999
1970-02-01,3.735,9.543,-2.02,14.022
1970-03-01,5.272,11.065999999999999,-0.545,14.503
1970-04-01,8.603,14.383,2.739,15.44
1970-05-01,11.206,17.165000000000006,5.402,
1970-06-01,13.513,19.368,7.599,16.672
1970-07-01,14.395,20.254,8.722999999999999,16.912
1970-08-01,13.658,19.43,8.097000000000001,16.748
1970-09-01,12.277,17.879,6.62,16.335
1970-10-01,9.347999999999999,14.96,3.787,15.42
1970-11-01,6.0470000000000015,11.562,0.524,14.418
1970-12-01,3.5210000000000004,8.941,-1.829,13.707
1971-01-01,2.967,8.530999999999999,-2.531,13.615
1971-02-01,2.867,8.578999999999999,-2.7230000000000003,13.627
1971-03-01,5.001,10.967,-0.8960000000000001,14.254
1971-04-01,8.338999999999999,14.267,2.516,15.227
1971-05-01,11.210999999999999,17.186,5.384,15.963
1971-06-01,13.099,18.992,7.436,16.539
1971-07-01,14.139,19.984,8.511000000000001,16.846
1971-08-01,13.879,19.593,8.085999999999999,16.752
1971-09-01,12.139,17.918000000000006,,16.22
1971-10-01,9.388,15.145999999999999,3.809,15.298
1971-11-01,,,,14.399000000000001
1971-12-01,3.867,9.228,-1.439,13.66
1972-01-01,1.882,7.391999999999999,-3.5490000000000004,13.298
1972-02-01,2.609,8.219,-3.115,13.644
1972-03-01,5.287000000000001,,,14.446
1972-04-01,8.337,14.148,2.498,15.290999999999999
1972-05-01,11.155,16.968,5.3610000000000015,16.095
1972-06-01,13.501,19.230999999999998,,16.729000000000006
1972-07-01,14.231,20.037,8.568,16.956
1972-08-01,14.171,19.88,8.386000000000001,16.977999999999998
1972-09-01,11.901,17.529000000000003,6.166,16.27
1972-10-01,9.346,15.057,3.84,15.438
1972-11-01,5.7970000000000015,11.167,0.52,
1972-12-01,3.778,9.182,,13.951
1973-01-01,3.0380000000000003,8.491999999999999,-2.3080000000000003,13.774
1973-02-01,3.898,9.496,-1.6540000000000004,14.14
1973-03-01,5.82,11.605,0.109,14.663
1973-04-01,8.937999999999997,14.51,3.107,
1973-05-01,11.768999999999998,17.417,5.926,16.288
1973-06-01,13.824000000000002,19.497,8.155000000000001,16.795
1973-07-01,14.435,,,17.002
1973-08-01,13.869000000000002,19.707,8.427,16.889
1973-09-01,12.125,17.815,6.504,16.267
1973-10-01,,15.182,3.913,15.419
1973-11-01,6.222,11.667,0.7879999999999999,14.380999999999998
1973-12-01,3.832,9.292,-1.514,13.711
1974-01-01,2.261,,-2.894,13.3
1974-02-01,2.582,8.118,-2.926,13.49
1974-03-01,5.19,10.966,-0.4950000000000001,14.267
1974-04-01,,14.179,2.59,15.182
1974-05-01,11.198,16.932000000000002,5.4700000000000015,15.957
1974-06-01,13.382,,7.591,
1974-07-01,14.288,19.925,8.654,
1974-08-01,14.015999999999998,19.652,8.391,16.912
1974-09-01,11.744000000000002,17.430000000000003,6.14,16.197
1974-10-01,9.097999999999999,14.884,3.423,15.274000000000001
1974-11-01,5.915,11.459,0.389,
1974-12-01,3.55,8.738999999999999,-1.5219999999999998,13.656
1975-01-01,3.059,8.484,-2.257,13.620999999999999
1975-02-01,3.395,,-2.096,13.857000000000001
1975-03-01,5.706,11.384,-0.15000000000000002,14.538
1975-04-01,8.584,14.399,2.882,15.297
1975-05-01,11.742,17.484,5.8420000000000005,
1975-06-01,,19.275,7.796,16.682000000000002
1975-07-01,14.351,20.051,8.637,16.877
1975-08-01,13.514,19.248,7.891999999999999,16.665
1975-09-01,12.152,17.804000000000006,6.54,16.215999999999998
1975-10-01,9.318,14.908,3.671,15.292
1975-11-01,5.893,11.462,0.332,
1975-12-01,,9.079,-1.636,13.557
1976-01-01,2.884,8.398,-2.452,
1976-02-01,3.031,8.509,-2.443,13.619000000000002
1976-03-01,4.517,10.305,-1.2040000000000002,14.124
1976-04-01,8.293999999999999,14.177,2.489,15.135
1976-05-01,10.941999999999998,16.727999999999998,5.176,15.778
1976-06-01,13.085999999999999,18.954,7.3450000000000015,16.448
1976-07-01,14.155,19.852,8.349,16.864
1976-08-01,13.511,19.163,7.645999999999999,16.671
1976-09-01,11.895,17.740000000000006,6.197,16.185
1976-10-01,8.511000000000001,14.028,3.113,15.167
1976-11-01,5.66,,0.302,14.299
1976-12-01,3.681,9.086,-1.7080000000000002,13.841
1977-01-01,2.492,7.7639999999999985,-2.648,13.646999999999998
1977-02-01,3.471,9.135,,
1977-03-01,5.702000000000001,11.581,-0.03500000000000003,14.639
1977-04-01,8.85,14.751,3.0580000000000003,15.47
1977-05-01,11.78,17.594,6.009,16.285999999999998
1977-06-01,13.876,19.628,8.058,16.846
1977-07-01,14.630999999999998,,8.971,17.047
1977-08-01,14.09,19.673,8.463999999999999,16.979
1977-09-01,,,6.35,
1977-10-01,9.156,14.875,3.5860000000000003,15.387
1977-11-01,6.5440000000000005,11.962,,14.544
1977-12-01,3.749,9.001,-1.385,13.741
1978-01-01,2.705,8.006,-2.52,13.587
1978-02-01,3.4560000000000004,9.006,,13.904000000000002
1978-03-01,5.607,11.344,-0.07400000000000001,14.555
1978-04-01,8.790999999999999,14.628,3.084,15.372
1978-05-01,11.414,17.131,5.723000000000001,16.101
1978-06-01,13.22,18.891,7.7150000000000025,16.601000000000006
1978-07-01,14.364,,8.894,16.935
1978-08-01,13.297,18.974,7.680999999999999,16.623
1978-09-01,12.03,17.64,6.431,16.281
1978-10-01,9.339,14.964,3.803,15.337
1978-11-01,6.3500000000000005,11.685,1.08,14.522
1978-12-01,3.74,9.195,,13.793
1979-01-01,2.6790000000000003,8.071,-2.625,13.63
1979-02-01,2.841,8.525,,13.768
1979-03-01,5.474,11.331,-0.129,14.565
1979-04-01,,14.273,2.623,15.390999999999998
1979-05-01,11.199000000000002,17.139000000000006,5.7120000000000015,16.076
1979-06-01,13.487,19.366,7.818,16.772000000000002
1979-07-01,14.114,19.945,8.491,
1979-08-01,13.833,19.623,8.266,
1979-09-01,12.247,18.059,6.714,16.45
1979-10-01,9.586,15.354,4.0539999999999985,15.557
1979-11-01,6.2860000000000005,11.807,0.905,14.609000000000002
1979-12-01,4.6,10.0,-0.6690000000000002,14.182
1980-01-01,2.9560000000000004,8.468,-2.4570000000000003,13.812
1980-02-01,,9.26,-1.864,
1980-03-01,5.367000000000001,11.239999999999998,-0.379,14.645999999999999
1980-04-01,8.934999999999997,14.821,3.109,
1980-05-01,11.77,17.713,6.131,16.314
1980-06-01,13.582,,7.9010000000000025,16.805999999999994
1980-07-01,14.742,20.466,9.102,17.171
1980-08-01,14.189,19.814,8.562999999999999,17.049
1980-09-01,12.321,18.121,6.642,16.427
1980-10-01,9.55,15.17,4.051,15.45
1980-11-01,6.684,12.196,1.334,14.645
1980-12-01,4.016,9.431,-1.2770000000000001,13.892
1981-01-01,3.785,9.267,-1.2980000000000005,13.963
1981-02-01,,9.689,-1.41,14.073
1981-03-01,6.239,12.05,0.5539999999999999,14.769
1981-04-01,,,3.131,15.432
1981-05-01,11.565,,,16.198
1981-06-01,13.765,19.611,8.065,16.932000000000002
1981-07-01,,,9.208,17.217
1981-08-01,14.502,20.293,8.976999999999997,17.123
1981-09-01,12.235999999999999,17.950000000000006,,
1981-10-01,9.394,14.979,3.765,15.453
1981-11-01,6.273,,0.97,14.47
1981-12-01,4.519,10.068,-0.878,14.098
1982-01-01,2.5580000000000003,8.09,-2.777,13.587
1982-02-01,3.281,8.843,-2.075,13.852
1982-03-01,4.873,10.667,-0.722,14.337
1982-04-01,8.465,14.388,2.89,15.33
1982-05-01,11.347999999999999,17.149,5.727,16.144000000000002
1982-06-01,13.245,19.083,7.556,16.625
1982-07-01,14.545,20.311,9.019,
1982-08-01,13.796,19.534,8.465,16.867
1982-09-01,12.039,,6.675,16.354
1982-10-01,9.232,14.845,3.917,15.493
1982-11-01,5.961,11.314,0.909,14.446
1982-12-01,4.327,9.637,-0.7050000000000001,14.068
1983-01-01,3.4450000000000003,,,13.979
1983-02-01,3.814,9.427,,14.169
1983-03-01,5.699,11.503,0.09699999999999998,14.683
1983-04-01,8.693,14.45,3.053,15.468
1983-05-01,11.729,17.477,6.144,16.34
1983-06-01,13.478,19.217,7.819,16.785999999999998
1983-07-01,14.408,20.139,8.829,
1983-08-01,14.302,20.105,8.729,17.145
1983-09-01,12.698,18.412000000000006,7.08,16.573
1983-10-01,9.478,15.097,4.011,15.498
1983-11-01,6.7650000000000015,,1.4209999999999998,14.648
1983-12-01,3.8289999999999997,9.25,-1.3119999999999998,13.886
1984-01-01,2.9410000000000003,,-2.2350000000000003,13.700999999999999
1984-02-01,3.093,8.786,-2.452,13.878
1984-03-01,5.671,11.540999999999999,-0.07800000000000001,14.607999999999999
1984-04-01,8.431999999999999,14.335,,15.37
1984-05-01,11.975999999999999,,6.211,
1984-06-01,13.387,19.05,7.662000000000001,16.668000000000006
1984-07-01,14.429,20.109,,16.961000000000002
1984-08-01,13.984000000000002,19.83,8.33,16.972
1984-09-01,12.015,17.718,6.5,
1984-10-01,9.378,14.890999999999998,4.015,15.368
1984-11-01,5.811,11.243,0.602,14.32
1984-12-01,3.185,8.411,-1.88,13.604000000000001
1985-01-01,3.01,8.385,-2.22,13.677999999999999
1985-02-01,2.7039999999999997,8.322000000000001,-2.853,13.731
1985-03-01,5.4510000000000005,,-0.133,14.526
1985-04-01,8.633,14.421,2.905,15.356
1985-05-01,11.425999999999998,17.203000000000007,5.756,
1985-06-01,13.569,19.396,7.907999999999999,16.713
1985-07-01,13.973,19.711,8.362,16.906
1985-08-01,14.059,,8.514999999999999,17.012999999999998
1985-09-01,,17.634,6.482,16.357
1985-10-01,9.338,14.808,4.051,
1985-11-01,5.968,11.331,0.703,14.388
1985-12-01,3.785,9.044,-1.368,13.808
1986-01-01,3.315,,-2.011,
1986-02-01,3.991,9.699,-1.6370000000000002,14.084000000000001
1986-03-01,5.755,11.629,0.015000000000000013,14.607999999999999
1986-04-01,8.870999999999997,14.772,3.105,15.452
1986-05-01,11.581,17.393,5.8889999999999985,16.163
1986-06-01,13.439,19.211,7.7200000000000015,16.695999999999998
1986-07-01,14.293,19.987000000000002,8.738999999999999,16.991
1986-08-01,13.972,19.874,8.433,16.938
1986-09-01,11.816999999999998,17.713,6.395,16.285
1986-10-01,9.299,14.802999999999999,3.881,15.455
1986-11-01,,11.232,0.7020000000000001,14.407
1986-12-01,,9.071,,13.805
1987-01-01,3.139,8.700999999999999,-2.3440000000000003,13.758
1987-02-01,4.134,9.792,-1.366,14.161
1987-03-01,5.245,11.203,,14.538
1987-04-01,8.594999999999999,14.69,2.835,15.447
1987-05-01,11.525,17.315,5.797999999999999,16.252
1987-06-01,13.927,19.660999999999998,8.105,16.900000000000002
1987-07-01,14.89,20.667,9.326,17.296
1987-08-01,13.896,19.632,8.319999999999999,17.061
1987-09-01,,18.226000000000006,6.877999999999999,16.569000000000006
1987-10-01,9.59,15.136,4.0939999999999985,15.621
1987-11-01,6.056,11.517999999999999,0.71,14.561
1987-12-01,4.489,9.857,-0.7120000000000001,14.13
1988-01-01,3.454,8.863999999999997,-1.798,
1988-02-01,3.422,9.094,-2.031,14.064
1988-03-01,5.931,11.817,0.3659999999999999,14.777999999999999
1988-04-01,8.991999999999997,14.978,3.289,15.593
1988-05-01,11.852,17.676000000000005,6.1430000000000025,16.348
1988-06-01,14.099,,8.356,16.976000000000006
1988-07-01,,20.466,9.186,17.179000000000002
1988-08-01,14.553,20.124,,17.173000000000002
1988-09-01,12.681,18.424000000000003,,16.553
1988-10-01,9.979,15.719,4.363,15.639000000000001
1988-11-01,6.295,,0.841,14.465
1988-12-01,4.363,9.707,-0.8520000000000001,13.923
1989-01-01,2.71,8.094999999999999,-2.5980000000000003,13.565999999999999
1989-02-01,3.627,9.3,-1.9240000000000002,13.978000000000002
1989-03-01,5.792000000000002,11.628,0.1309999999999999,14.607
1989-04-01,8.689,14.541,,15.422
1989-05-01,11.28,17.105,5.4940000000000015,16.121
1989-06-01,13.447,19.25,7.871,16.725
1989-07-01,14.612,20.361,8.988999999999997,17.150000000000002
1989-08-01,14.135,19.987,8.594999999999999,17.051000000000002
1989-09-01,,18.198,6.675,16.5
1989-10-01,9.76,15.472999999999999,4.1,15.597000000000001
1989-11-01,6.1789999999999985,11.718,0.7490000000000001,14.524000000000001
1989-12-01,4.43,9.802,-0.8070000000000002,14.058
1990-01-01,,8.556999999999999,-1.9390000000000005,13.890999999999998
1990-02-01,3.643,9.225,-1.7950000000000002,14.143
1990-03-01,6.73,12.658,1.0359999999999998,15.005
1990-04-01,9.169,15.058,3.373,15.683
1990-05-01,11.831,17.642000000000003,,16.397000000000002
1990-06-01,13.892999999999999,19.785999999999998,8.167,16.995
1990-07-01,,20.401,9.158,17.246000000000002
1990-08-01,14.095,19.956,8.514,17.11
1990-09-01,12.195,17.993000000000006,6.597,16.465
1990-10-01,9.882,15.72,4.285,15.747
1990-11-01,6.92,12.561,1.345,14.77
1990-12-01,4.425,9.935,-0.9220000000000002,14.1
1991-01-01,3.1950000000000003,8.506,-1.9070000000000005,13.859000000000002
1991-02-01,4.0440000000000005,9.774,-1.499,14.201
1991-03-01,5.574,11.411,-0.129,14.689
1991-04-01,9.226,15.123,3.414,15.716
1991-05-01,11.616,17.441000000000006,,16.37
1991-06-01,14.263,19.903,8.509,17.052
1991-07-01,14.987,20.643,9.273,17.348
1991-08-01,14.319,20.035999999999998,8.61,17.163
1991-09-01,12.677,,7.004,16.572
1991-10-01,9.753,15.552999999999999,4.122,15.619000000000002
1991-11-01,6.44,11.862,1.121,14.607
1991-12-01,4.059,9.284,,13.98
1992-01-01,3.579,,-1.6550000000000002,13.960999999999999
1992-02-01,3.931,9.491,-1.5950000000000002,14.181
1992-03-01,,11.692,0.2529999999999999,
1992-04-01,8.572000000000001,14.366,2.785,15.51
1992-05-01,11.534999999999998,17.346,5.796,16.319000000000006
1992-06-01,13.575999999999999,19.36,7.818,16.886000000000006
1992-07-01,14.139,19.853,8.421,17.000999999999998
1992-08-01,13.765999999999998,19.435,8.130999999999998,16.900000000000002
1992-09-01,,17.289,6.1320000000000014,16.243
1992-10-01,9.353,15.152,3.676,15.419
1992-11-01,5.8889999999999985,11.302999999999999,0.46299999999999997,14.343
1992-12-01,,9.455,-1.0630000000000002,13.902000000000001
1993-01-01,3.301,8.666,-1.9190000000000005,13.895999999999999
1993-02-01,3.745,9.42,-1.7440000000000002,
1993-03-01,5.922999999999999,11.790999999999999,0.1409999999999999,14.725
1993-04-01,8.69,14.585,2.823,15.482
1993-05-01,,17.289,5.674,16.230999999999998
1993-06-01,13.517999999999999,19.292,,
1993-07-01,14.595,20.228,8.947000000000003,17.155
1993-08-01,13.835,19.584,,16.926000000000002
1993-09-01,,17.639000000000006,6.287000000000001,16.381
1993-10-01,9.613999999999999,15.294,3.987,15.543
1993-11-01,5.738,11.091,,14.41
1993-12-01,4.035,9.358,-1.139,13.904000000000002
1994-01-01,3.024,8.336,-2.274,13.731
1994-02-01,2.81,8.594,-2.7680000000000002,13.773
1994-03-01,,11.662999999999998,-0.13100000000000006,14.713
1994-04-01,9.017999999999999,14.961,3.162,
1994-05-01,11.684,17.582,5.682,16.348
1994-06-01,14.144,19.932,8.288,17.021
1994-07-01,14.658,20.421,8.947000000000003,17.183
1994-08-01,13.977,19.808,8.274,17.035999999999998
1994-09-01,12.515999999999998,18.335,6.8210000000000015,16.498
1994-10-01,10.002,15.606,4.543,15.743
1994-11-01,6.7879999999999985,,1.311,14.754
1994-12-01,4.113,9.313,-1.102,14.036
1995-01-01,3.54,8.895,,13.945
1995-02-01,4.6560000000000015,,-0.8790000000000002,14.388
1995-03-01,5.956,11.784,0.265,14.783
1995-04-01,8.972000000000003,14.839,3.162,15.587
1995-05-01,11.57,17.301000000000002,,
1995-06-01,14.164,20.115,8.232000000000001,17.008000000000006
1995-07-01,15.116,20.803,9.331,17.375
1995-08-01,,,8.808,17.297
1995-09-01,12.565,18.382,6.921,16.580000000000002
1995-10-01,,15.749,4.49,15.748
1995-11-01,,12.387,1.266,14.713
1995-12-01,4.123,9.396,-1.143,13.951
1996-01-01,2.862,8.350999999999999,-2.512,13.720999999999998
1996-02-01,4.0120000000000005,9.769,-1.7620000000000002,14.207
1996-03-01,5.524,11.411,-0.28500000000000003,14.658
1996-04-01,,14.470999999999998,,
1996-05-01,11.588,17.437,5.7920000000000025,16.272000000000002
1996-06-01,13.681,19.405,7.854,16.847
1996-07-01,14.827,20.65,9.123,17.22
1996-08-01,14.603,20.416,8.918,17.21
1996-09-01,12.294,,6.711,16.444000000000006
1996-10-01,9.525,15.190999999999999,3.929,15.515999999999998
1996-11-01,6.5470000000000015,11.952,1.178,14.607
1996-12-01,4.325,9.82,-1.089,14.053
1997-01-01,,8.588,-2.1340000000000003,13.818
1997-02-01,3.766,9.456,-1.885,14.178
1997-03-01,6.0120000000000005,11.808,0.18999999999999995,14.873
1997-04-01,8.891,14.817,2.967,15.634
1997-05-01,,17.378,,16.387999999999998
1997-06-01,14.130999999999998,,8.334,17.158
1997-07-01,14.565,20.26,8.825,17.307000000000002
1997-08-01,14.255999999999998,20.13,8.578999999999999,17.266000000000002
1997-09-01,12.685,18.555000000000003,6.973,16.766000000000002
1997-10-01,10.109,15.682,4.665,15.935
1997-11-01,6.841,,1.503,14.952
1997-12-01,4.417,9.634,-0.7370000000000001,14.291
1998-01-01,,8.555,-1.7760000000000002,14.062999999999999
1998-02-01,,10.475,-0.7680000000000002,14.611
1998-03-01,6.023,11.888,0.30099999999999993,14.958
1998-04-01,9.357999999999999,15.255,3.439,
1998-05-01,12.290999999999999,18.182000000000002,6.372000000000001,16.671
1998-06-01,14.520999999999999,20.404,8.777999999999999,
1998-07-01,15.34,20.972,9.715,17.609
1998-08-01,14.874,20.505,9.344,17.491
1998-09-01,12.672999999999998,18.336,7.152,16.657
1998-10-01,9.941,15.505999999999998,4.45,
1998-11-01,6.404,11.872,1.039,14.697000000000001
1998-12-01,4.6690000000000005,10.083,-0.6559999999999999,14.214
1999-01-01,3.544,8.876999999999997,-1.7320000000000002,13.933
1999-02-01,4.694,10.4,-0.9570000000000001,14.367
1999-03-01,5.53,,-0.274,14.675999999999998
1999-04-01,8.838,14.807,2.931,15.572
1999-05-01,11.706,17.613,5.8240000000000025,16.298
1999-06-01,14.030999999999999,19.831,8.205,16.957
1999-07-01,14.853,20.578000000000007,9.24,17.218
1999-08-01,14.348,20.158,8.696,17.1
1999-09-01,12.722999999999999,18.472,,16.605
1999-10-01,9.997,15.583,4.4910000000000005,15.675
1999-11-01,6.5920000000000005,12.121,1.107,14.673
1999-12-01,4.565,9.953,-0.6920000000000001,14.13
2000-01-01,2.95,8.349,-2.322,13.773
2000-02-01,4.184,9.863,-1.371,
2000-03-01,6.2189999999999985,12.204999999999998,0.3759999999999999,14.845999999999998
2000-04-01,9.552,,3.68,15.762
2000-05-01,11.874,17.721,5.997000000000001,16.395
2000-06-01,14.06,19.847,8.243,17.0
2000-07-01,14.848,20.665,9.097999999999999,17.242
2000-08-01,,20.308,8.796,17.243000000000002
2000-09-01,12.547,,6.822,16.613
2000-10-01,9.486,15.069,4.0,15.588
2000-11-01,,11.67,,14.632
2000-12-01,3.863,9.182,-1.3330000000000002,13.968
2001-01-01,3.3360000000000003,8.827,-2.0780000000000003,13.936
2001-02-01,3.72,9.486,-1.997,14.179
2001-03-01,6.207999999999998,12.130999999999998,,14.982
2001-04-01,9.245,15.174,3.234,15.808
2001-05-01,12.270999999999999,,6.3500000000000005,16.569000000000006
2001-06-01,14.11,19.962,8.218,17.151
2001-07-01,15.161,20.923000000000002,9.427999999999999,17.45
2001-08-01,,20.332,8.664,17.294
2001-09-01,12.735999999999999,18.581000000000003,7.07,16.758
2001-10-01,9.935,15.578,4.353,15.831
2001-11-01,7.319,12.89,1.92,15.011
2001-12-01,4.507,,-0.685,14.241
2002-01-01,4.026,9.459,-1.3219999999999998,14.258
2002-02-01,4.704,10.435,-0.9480000000000002,14.505
2002-03-01,6.772,12.775,0.8940000000000001,15.198
2002-04-01,9.229,15.146,3.3080000000000003,15.818
2002-05-01,12.248,18.157,6.1990000000000025,16.605
2002-06-01,14.084,19.912,,17.110000000000007
2002-07-01,15.354000000000001,21.199,9.409,17.487000000000002
2002-08-01,14.56,20.444000000000006,8.806999999999997,17.328
2002-09-01,12.95,18.785,7.16,16.799
2002-10-01,9.988,15.599,4.484,15.859000000000002
2002-11-01,6.892,12.48,1.389,
2002-12-01,4.038,9.357,-1.189,14.127
2003-01-01,3.981,9.558,-1.481,14.207
2003-02-01,4.085,9.749,-1.4800000000000002,14.359000000000002
2003-03-01,6.047999999999999,11.972,0.215,
2003-04-01,9.154,15.033,3.209,15.774
2003-05-01,12.152999999999999,18.118,6.207999999999998,16.567
2003-06-01,14.017,19.77,8.222000000000001,17.104000000000006
2003-07-01,14.983,20.757,,17.423000000000002
2003-08-01,14.690999999999999,20.48,8.974,17.402
2003-09-01,12.911,18.692,7.221,16.839000000000002
2003-10-01,10.424,16.115,,15.997
2003-11-01,6.727,12.203,1.347,14.838
2003-12-01,5.132999999999999,10.545,-0.17900000000000005,14.436
2004-01-01,3.5250000000000004,8.901,-1.65,14.097
2004-02-01,4.4990000000000006,10.171,-1.1820000000000002,14.488
2004-03-01,6.3210000000000015,12.275,0.3759999999999999,14.992
2004-04-01,9.249,15.132,3.285,15.811
2004-05-01,11.571,17.296000000000006,5.7070000000000025,16.383
2004-06-01,13.889,19.66,8.035,17.006
2004-07-01,14.312,20.087,8.624,
2004-08-01,14.188,,8.382,17.266000000000002
2004-09-01,12.642,18.451,6.907,16.745
2004-10-01,10.127,15.843,4.511,15.889000000000001
2004-11-01,7.315,12.796,1.91,15.022
2004-12-01,4.257,9.593,-0.9320000000000002,14.161
2005-01-01,3.808,9.026,-1.3769999999999998,14.159
2005-02-01,,9.508,-1.5340000000000005,14.293
2005-03-01,6.5440000000000005,12.315999999999999,0.8130000000000002,15.106
2005-04-01,9.618,15.550999999999998,3.697,15.978
2005-05-01,12.225999999999999,17.995,6.392,
2005-06-01,,20.104,8.863,
2005-07-01,15.19,20.88,9.568999999999999,17.503
2005-08-01,14.51,20.25,8.934,17.375
2005-09-01,13.217,,7.412000000000001,16.903
2005-10-01,10.600999999999999,16.235,5.004,16.025000000000002
2005-11-01,7.422999999999999,12.944,1.988,15.005
2005-12-01,,10.279000000000002,-0.395,14.327
2006-01-01,,8.616999999999999,-1.942,13.99
2006-02-01,4.43,10.124,-1.2290000000000003,14.435
2006-03-01,,12.239,,14.966
2006-04-01,9.055,15.004,3.0810000000000004,15.729
2006-05-01,,17.650000000000006,5.791,
2006-06-01,14.443,20.317,8.530000000000001,17.215999999999998
2006-07-01,15.042,20.905,9.288,
2006-08-01,14.913,20.79,9.146999999999998,17.479
2006-09-01,12.875,18.779000000000003,7.081,16.792
2006-10-01,10.289,15.925,4.795999999999999,15.935
2006-11-01,6.955,12.448,,14.931
2006-12-01,4.987,10.345999999999998,-0.2430000000000001,14.407
2007-01-01,4.5790000000000015,10.084,,14.417
2007-02-01,4.221,10.039,-1.5030000000000001,14.408
2007-03-01,6.485,12.482999999999999,,
2007-04-01,9.823,15.807,3.88,15.93
2007-05-01,12.517999999999999,18.395000000000003,6.5680000000000005,16.629
2007-06-01,14.309,20.223,8.370000000000001,17.168000000000006
2007-07-01,15.23,21.108,9.482,
2007-08-01,,20.641,,17.339000000000002
2007-09-01,12.93,18.838,7.18,
2007-10-01,10.332,16.134,4.609,15.867
2007-11-01,7.0840000000000005,12.772,1.4780000000000002,
2007-12-01,4.523,9.873,,14.11
2008-01-01,2.8440000000000003,8.155,,13.719
2008-02-01,3.576,9.351,-2.1060000000000003,14.061
2008-03-01,6.9060000000000015,12.992,0.879,15.077
2008-04-01,,,3.175,15.735
2008-05-01,12.053999999999998,,6.053000000000001,16.497
2008-06-01,14.145,19.973,8.266,17.077
2008-07-01,15.174,21.006,9.407,17.449
2008-08-01,14.377,20.176,8.594,17.282
2008-09-01,,18.629,,
2008-10-01,10.399,16.038,4.8469999999999995,15.931
2008-11-01,7.224,12.738,1.7959999999999998,14.919
2008-12-01,4.385,9.834,-0.946,14.151
2009-01-01,3.687,9.175999999999998,-1.7560000000000002,14.091
2009-02-01,4.0939999999999985,9.822,-1.5450000000000002,14.267000000000001
2009-03-01,6.086,12.065,0.132,14.873
2009-04-01,,15.377,3.32,
2009-05-01,12.111999999999998,18.01,6.141,16.570999999999998
2009-06-01,14.200999999999999,20.055999999999997,8.3,17.26
2009-07-01,15.231,21.085,9.456,17.578
2009-08-01,14.655,20.576999999999998,8.854999999999997,17.427
2009-09-01,13.152999999999999,19.006,7.397,16.864
2009-10-01,10.136,15.79,,15.91
2009-11-01,7.0310000000000015,,1.64,14.968
2009-12-01,4.31,9.661,-0.94,14.298
2010-01-01,,9.245,-1.6770000000000005,14.207999999999998
2010-02-01,4.399,10.033999999999999,-1.107,14.517000000000001
2010-03-01,6.738,12.669,0.7959999999999998,15.222999999999999
2010-04-01,9.671,15.616,3.759,16.038999999999998
2010-05-01,12.405999999999999,18.173,6.524000000000001,16.732
2010-06-01,14.421,20.252,8.488999999999999,17.271
2010-07-01,15.213,20.97,9.551,17.532
2010-08-01,14.768,20.656,,17.412
2010-09-01,12.863,,7.252000000000002,16.761
2010-10-01,10.442,16.115,,15.939
2010-11-01,7.487,13.168,1.95,14.995
2010-12-01,4.292,9.887,-1.139,
2011-01-01,3.282,8.722000000000001,-2.0340000000000003,13.927999999999999
2011-02-01,3.743,9.435,-1.906,14.193
2011-03-01,,11.963,0.3140000000000001,14.88
2011-04-01,9.482999999999999,15.45,,
2011-05-01,11.985999999999999,,6.0230000000000015,16.523
2011-06-01,14.37,,8.48,17.203000000000007
2011-07-01,15.482,,9.684,17.567999999999998
2011-08-01,15.012,20.921999999999997,9.207999999999998,17.475
2011-09-01,12.912,,6.997999999999998,16.762
2011-10-01,10.352,16.075,4.85,15.873
2011-11-01,6.814,12.395,1.432,14.799
2011-12-01,4.654999999999999,10.097999999999999,,
2012-01-01,3.157,8.690999999999999,-2.233,13.859000000000002
2012-02-01,3.628,9.379,-2.067,14.164000000000001
2012-03-01,6.023,12.025,0.07499999999999996,14.863
2012-04-01,9.675999999999998,15.679,3.689,15.880999999999998
2012-05-01,12.59,18.611,6.461,
2012-06-01,,20.43,8.505,17.252000000000002
2012-07-01,15.076,21.006,9.229,17.45
2012-08-01,14.72,20.709,8.84,17.42
2012-09-01,13.04,19.074,7.176,16.882
2012-10-01,10.427999999999999,16.203,4.765,16.019000000000002
2012-11-01,7.1560000000000015,12.689,,15.001
2012-12-01,4.102,9.498,,14.138
2013-01-01,3.685,9.255,-1.7260000000000002,14.117
2013-02-01,4.2219999999999995,9.95,-1.4720000000000002,14.359000000000002
2013-03-01,6.261,12.328,,14.952
2013-04-01,9.044,,3.055,15.749
2013-05-01,12.195,18.107000000000006,6.263,16.608999999999998
2013-06-01,14.568,20.44,8.685,17.257
2013-07-01,15.003,,9.33,
2013-08-01,,20.596,9.014,17.462
2013-09-01,13.154000000000002,18.947000000000006,7.482,16.894000000000002
2013-10-01,10.255999999999998,15.994000000000002,4.663,15.905
2013-11-01,7.423999999999999,12.965,2.016,15.107
2013-12-01,4.724,10.083,-0.5479999999999999,14.339
2014-01-01,3.732,9.327,-1.7550000000000003,14.136
2014-02-01,3.5,9.146,-2.08,14.157
2014-03-01,6.377999999999999,12.367,0.436,15.09
2014-04-01,9.589,15.529000000000002,3.617,16.038
2014-05-01,12.582,18.362000000000002,6.613,16.804000000000002
2014-06-01,14.335,20.125999999999998,8.472999999999999,
2014-07-01,14.873,20.711,9.112,17.508
2014-08-01,14.875,,9.047,17.607
2014-09-01,,18.865,7.399,16.975
2014-10-01,10.33,16.066,4.689,16.029
2014-11-01,6.712999999999999,12.284,1.3130000000000002,14.899000000000001
2014-12-01,,,-0.331,
2015-01-01,3.8810000000000002,9.432,-1.5180000000000002,14.255
2015-02-01,4.664,10.497,-1.1380000000000003,14.564
2015-03-01,6.74,12.659,0.8940000000000001,15.193
2015-04-01,9.312999999999999,15.224,,15.962
2015-05-01,12.312,18.181,6.3130000000000015,
2015-06-01,14.505,20.364,8.627,17.39
2015-07-01,15.050999999999998,,9.326,17.611
2015-08-01,14.755,20.699,9.004999999999997,17.589000000000002
2015-09-01,,18.845,,17.049
2015-10-01,10.800999999999998,16.45,5.231999999999998,16.29
2015-11-01,7.433,,2.157,
2015-12-01,5.518,10.725,0.2869999999999997,14.774000000000001
